,Date,Open,High,Low,Close,Volume,Dividends,Stock Splits,Difference,,,,,
0,2018-01-23,1338.089966,1364.900024,1337.339966,1362.540039,5169300,0,0,1.83%,,,,,
1,2018-01-24,1374.819946,1388.160034,1338,1357.51001,6807500,0,0,-1.26%,,,,,
2,2018-01-25,1368,1378.339966,1357.619995,1377.949951,4753000,0,0,0.73%,,,,,
3,2018-01-26,1392.01001,1402.530029,1380.910034,1402.050049,4857300,0,0,0.72%,,,,,
4,2018-01-29,1409.180054,1431.390015,1400.439941,1417.680054,5701900,0,0,0.60%,,,,,
5,2018-01-30,1403.170044,1439.25,1392,1437.819946,5871900,0,0,2.47%,,,,,
6,2018-01-31,1451.300049,1472.579956,1450.040039,1450.890015,6424700,0,0,-0.03%,,,,,
7,2018-02-01,1445,1459.880005,1385.140015,1390,9113800,0,0,-3.81%,,,,,
8,2018-02-02,1477.390015,1498,1414,1429.949951,11125700,0,0,-3.21%,,,,,
9,2018-02-05,1402.619995,1458.97998,1320.719971,1390,11495000,0,0,-0.90%,,,,,
10,2018-02-06,1361.459961,1443.98999,1351.790039,1442.839966,11066800,0,0,5.98%,,,,,
11,2018-02-07,1449,1460.98999,1415.150024,1416.780029,7162700,0,0,-2.22%,,,,,
12,2018-02-08,1429.680054,1433.75,1349.939941,1350.5,8578600,0,0,-5.54%,,,,,
13,2018-02-09,1373.48999,1383.5,1265.930054,1339.599976,14141500,0,0,-2.47%,,,,,
14,2018-02-12,1364.670044,1393.810059,1344.01001,1386.22998,6738900,0,0,1.58%,,,,,
15,2018-02-13,1385.930054,1419.719971,1383.530029,1414.51001,5917900,0,0,2.06%,,,,,
16,2018-02-14,1406.25,1452.060059,1403.359985,1451.050049,5959200,0,0,3.19%,,,,,
17,2018-02-15,1466.890015,1468.939941,1436.839966,1461.76001,5652700,0,0,-0.35%,,,,,
18,2018-02-16,1457.369995,1465.800049,1446.560059,1448.689941,4472600,0,0,-0.60%,,,,,
19,2018-02-20,1446.48999,1488.77002,1446.48999,1468.349976,6499200,0,0,1.51%,,,,,
20,2018-02-21,1485,1503.48999,1478.920044,1482.920044,6304400,0,0,-0.14%,,,,,
21,2018-02-22,1495.359985,1502.540039,1475.76001,1485.339966,4858100,0,0,-0.67%,,,,,
22,2018-02-23,1495.339966,1500,1486.5,1500,4418100,0,0,0.31%,,,,,
23,2018-02-26,1509.199951,1522.839966,1507,1521.949951,4955000,0,0,0.84%,,,,,
24,2018-02-27,1524.5,1526.780029,1507.209961,1511.97998,4808800,0,0,-0.82%,,,,,
25,2018-02-28,1519.51001,1528.699951,1512,1512.449951,4515000,0,0,-0.46%,,,,,
26,2018-03-01,1513.599976,1518.48999,1465,1493.449951,6835200,0,0,-1.33%,,,,,
27,2018-03-02,1469.099976,1501.050049,1455.01001,1500.25,6587600,0,0,2.12%,,,,,
28,2018-03-05,1494.23999,1525.380005,1481,1523.609985,5233900,0,0,1.97%,,,,,
29,2018-03-06,1533.199951,1542.130005,1528,1537.640015,4561700,0,0,0.29%,,,,,
30,2018-03-07,1526.52002,1545.900024,1522.51001,1545,4174100,0,0,1.21%,,,,,
31,2018-03-08,1550,1554.880005,1545.25,1551.859985,3862600,0,0,0.12%,,,,,
32,2018-03-09,1563.5,1578.939941,1559.079956,1578.890015,4534300,0,0,0.98%,,,,,
33,2018-03-12,1592.599976,1605.329956,1586.699951,1598.390015,5174200,0,0,0.36%,,,,,
34,2018-03-13,1615.959961,1617.540039,1578.01001,1588.180054,6531900,0,0,-1.72%,,,,,
35,2018-03-14,1597,1606.439941,1590.890015,1591,4259400,0,0,-0.38%,,,,,
36,2018-03-15,1595,1596.910034,1578.109985,1582.319946,4069700,0,0,-0.79%,,,,,
37,2018-03-16,1583.449951,1589.439941,1567.5,1571.680054,5425000,0,0,-0.74%,,,,,
38,2018-03-19,1554.530029,1561.660034,1525.349976,1544.930054,6580800,0,0,-0.62%,,,,,
39,2018-03-20,1550.339966,1587,1545.410034,1586.51001,4581600,0,0,2.33%,,,,,
40,2018-03-21,1586.449951,1590,1563.170044,1581.859985,4750800,0,0,-0.29%,,,,,
41,2018-03-22,1565.469971,1573.849976,1542.400024,1544.920044,6320600,0,0,-1.31%,,,,,
42,2018-03-23,1539.01001,1549.02002,1495.359985,1495.560059,8006000,0,0,-2.82%,,,,,
43,2018-03-26,1530,1556.98999,1499.25,1555.859985,5624700,0,0,1.69%,,,,,
44,2018-03-27,1572.400024,1575.969971,1482.319946,1497.050049,6999600,0,0,-4.79%,,,,,
45,2018-03-28,1447,1455.900024,1386.170044,1431.420044,13705300,0,0,-1.08%,,,,,
46,2018-03-29,1406,1455.469971,1365.199951,1447.339966,12581100,0,0,2.94%,,,,,
47,2018-04-02,1417.619995,1421.359985,1355,1371.98999,10463600,0,0,-3.22%,,,,,
48,2018-04-03,1391.380005,1414,1355.329956,1392.050049,10231200,0,0,0.05%,,,,,
49,2018-04-04,1358.23999,1415.390015,1352.880005,1410.569946,6982300,0,0,3.85%,,,,,
50,2018-04-05,1441.98999,1459.560059,1427.069946,1451.75,6413500,0,0,0.68%,,,,,
51,2018-04-06,1429.969971,1452.5,1400.26001,1405.22998,5882300,0,0,-1.73%,,,,,
52,2018-04-09,1425.030029,1438.47998,1402.569946,1406.079956,4208200,0,0,-1.33%,,,,,
53,2018-04-10,1431.98999,1438.380005,1415.699951,1436.219971,4254100,0,0,0.30%,,,,,
54,2018-04-11,1439.439941,1448.780029,1424.890015,1427.050049,3582500,0,0,-0.86%,,,,,
55,2018-04-12,1439.5,1452.119995,1435.060059,1448.5,3135000,0,0,0.63%,,,,,
56,2018-04-13,1449.140015,1459.780029,1424.52002,1430.790039,3685300,0,0,-1.27%,,,,,
57,2018-04-16,1445,1447,1427.47998,1441.5,2808600,0,0,-0.24%,,,,,
58,2018-04-17,1462.300049,1507.189941,1457.02002,1503.829956,5114400,0,0,2.84%,,,,,
59,2018-04-18,1514.650024,1533.800049,1504.109985,1527.839966,5227500,0,0,0.87%,,,,,
60,2018-04-19,1543.219971,1568.52002,1539.060059,1556.910034,6523700,0,0,0.89%,,,,,
61,2018-04-20,1561.199951,1561.199951,1516.089966,1527.48999,5541600,0,0,-2.16%,,,,,
62,2018-04-23,1546.689941,1548,1503.410034,1517.859985,4465400,0,0,-1.86%,,,,,
63,2018-04-24,1535.800049,1539.5,1448.449951,1460.089966,7494700,0,0,-4.93%,,,,,
64,2018-04-25,1458,1469.98999,1415.02002,1460.170044,6587300,0,0,0.15%,,,,,
65,2018-04-26,1485.01001,1529.420044,1478.5,1517.959961,8801100,0,0,2.22%,,,,,
66,2018-04-27,1634.01001,1638.099976,1567.390015,1572.619995,13053200,0,0,-3.76%,,,,,
67,2018-04-30,1582.5,1596,1560.939941,1566.130005,5464100,0,0,-1.03%,,,,,
68,2018-05-01,1563.219971,1585,1552.180054,1582.26001,4572100,0,0,1.22%,,,,,
69,2018-05-02,1580.97998,1588.5,1566.359985,1569.680054,4360300,0,0,-0.71%,,,,,
70,2018-05-03,1560.01001,1574.800049,1546.02002,1572.079956,4251900,0,0,0.77%,,,,,
71,2018-05-04,1562.449951,1584.900024,1562.189941,1580.949951,3443600,0,0,1.18%,,,,,
72,2018-05-07,1589.339966,1606.949951,1587.829956,1600.140015,3801900,0,0,0.68%,,,,,
73,2018-05-08,1595,1596.880005,1582.51001,1592.390015,3067900,0,0,-0.16%,,,,,
74,2018-05-09,1600,1608,1592,1608,3637300,0,0,0.50%,,,,,
75,2018-05-10,1608.47998,1615.599976,1603.439941,1609.079956,2817500,0,0,0.04%,,,,,
76,2018-05-11,1610.98999,1611.099976,1597.890015,1602.910034,2263900,0,0,-0.50%,,,,,
77,2018-05-14,1604,1611.180054,1600.050049,1601.540039,2509500,0,0,-0.15%,,,,,
78,2018-05-15,1587.800049,1587.800049,1565.219971,1576.119995,5077500,0,0,-0.74%,,,,,
79,2018-05-16,1577.5,1594.430054,1576.670044,1587.280029,2570600,0,0,0.62%,,,,,
80,2018-05-17,1580.560059,1594.040039,1573,1581.76001,2147600,0,0,0.08%,,,,,
81,2018-05-18,1581.329956,1583.589966,1572.099976,1574.369995,2642600,0,0,-0.44%,,,,,
82,2018-05-21,1585,1592.050049,1575,1585.459961,2925200,0,0,0.03%,,,,,
83,2018-05-22,1589.890015,1589.890015,1575.25,1581.400024,2115600,0,0,-0.53%,,,,,
84,2018-05-23,1571.050049,1601.859985,1566.339966,1601.859985,3361900,0,0,1.96%,,,,,
85,2018-05-24,1598.030029,1608.23999,1588.380005,1603.069946,3430000,0,0,0.32%,,,,,
86,2018-05-25,1603,1614.119995,1600.449951,1610.150024,2698400,0,0,0.45%,,,,,
87,2018-05-29,1600.709961,1621.790039,1600.150024,1612.869995,3846500,0,0,0.76%,,,,,
88,2018-05-30,1618.099976,1626,1612.930054,1624.890015,2907400,0,0,0.42%,,,,,
89,2018-05-31,1623,1635,1621.349976,1629.619995,3166300,0,0,0.41%,,,,,
90,2018-06-01,1637.030029,1646.72998,1635.089966,1641.540039,3313400,0,0,0.28%,,,,,
91,2018-06-04,1648.900024,1665.680054,1645.48999,1665.27002,3187700,0,0,0.99%,,,,,
92,2018-06-05,1672.98999,1699,1670.060059,1696.349976,4782200,0,0,1.40%,,,,,
93,2018-06-06,1704.51001,1714.5,1686.469971,1695.75,5473200,0,0,-0.51%,,,,,
94,2018-06-07,1698.560059,1699.900024,1676.109985,1689.300049,3765700,0,0,-0.55%,,,,,
95,2018-06-08,1681.119995,1689.439941,1673.01001,1683.98999,2955100,0,0,0.17%,,,,,
96,2018-06-11,1681.51001,1694.23999,1680.589966,1689.119995,2335500,0,0,0.45%,,,,,
97,2018-06-12,1693,1699.51001,1691.52002,1698.75,2259200,0,0,0.34%,,,,,
98,2018-06-13,1702.810059,1713.75,1700.119995,1704.859985,3327500,0,0,0.12%,,,,,
99,2018-06-14,1713.47998,1724.800049,1708.869995,1723.859985,3174400,0,0,0.61%,,,,,
100,2018-06-15,1714,1720.869995,1708.52002,1715.969971,4777600,0,0,0.11%,,,,,
101,2018-06-18,1706.26001,1726.73999,1702.560059,1723.790039,3107700,0,0,1.03%,,,,,
102,2018-06-19,1709.040039,1736.109985,1700.390015,1734.780029,4290100,0,0,1.51%,,,,,
103,2018-06-20,1742.5,1762.930054,1741.359985,1750.079956,4332600,0,0,0.44%,,,,,
104,2018-06-21,1760,1763.099976,1717.560059,1730.219971,4941100,0,0,-1.69%,,,,,
105,2018-06-22,1742.619995,1743,1711.900024,1715.670044,4075100,0,0,-1.55%,,,,,
106,2018-06-25,1702.51001,1705,1646.310059,1663.150024,7511200,0,0,-2.31%,,,,,
107,2018-06-26,1672.369995,1701.569946,1663.339966,1691.089966,4386600,0,0,1.12%,,,,,
108,2018-06-27,1708.109985,1711.949951,1660,1660.51001,4872200,0,0,-2.79%,,,,,
109,2018-06-28,1672.540039,1705.5,1661.170044,1701.449951,4529700,0,0,1.73%,,,,,
110,2018-06-29,1717,1723.410034,1694.319946,1699.800049,4543500,0,0,-1.00%,,,,,
111,2018-07-02,1682.699951,1713.890015,1678.060059,1713.780029,3185700,0,0,1.85%,,,,,
112,2018-07-03,1723.959961,1725,1692.47998,1693.959961,2177300,0,0,-1.74%,,,,,
113,2018-07-05,1705.380005,1710.689941,1682.150024,1699.72998,2983100,0,0,-0.33%,,,,,
114,2018-07-06,1696,1715.27002,1691.670044,1710.630005,2650300,0,0,0.86%,,,,,
115,2018-07-09,1724.050049,1739.560059,1716.22998,1739.02002,3012000,0,0,0.87%,,,,,
116,2018-07-10,1738.530029,1750,1731,1743.069946,3002900,0,0,0.26%,,,,,
117,2018-07-11,1737.98999,1756.959961,1734,1755,3209800,0,0,0.98%,,,,,
118,2018-07-12,1764.51001,1798,1762.180054,1796.619995,4532700,0,0,1.82%,,,,,
119,2018-07-13,1803.930054,1815.300049,1795.22998,1813.030029,4383200,0,0,0.50%,,,,,
120,2018-07-16,1821.949951,1841.949951,1814.449951,1822.48999,5466200,0,0,0.03%,,,,,
121,2018-07-17,1811.560059,1851.689941,1797.380005,1843.930054,5682900,0,0,1.79%,,,,,
122,2018-07-18,1848,1858.880005,1831.27002,1842.920044,4861900,0,0,-0.27%,,,,,
123,2018-07-19,1829.459961,1841,1811.27002,1812.969971,4676900,0,0,-0.90%,,,,,
124,2018-07-20,1825.01001,1834.839966,1810.060059,1813.699951,3884400,0,0,-0.62%,,,,,
125,2018-07-23,1812.209961,1819,1769.98999,1802,3888500,0,0,-0.56%,,,,,
126,2018-07-24,1829.01001,1840,1809.380005,1829.23999,4278700,0,0,0.01%,,,,,
127,2018-07-25,1829.300049,1863.839966,1822.640015,1863.609985,3738200,0,0,1.88%,,,,,
128,2018-07-26,1839,1844.680054,1804.5,1808,9924400,0,0,-1.69%,,,,,
129,2018-07-27,1876.050049,1880.050049,1806.530029,1817.27002,9681000,0,0,-3.13%,,,,,
130,2018-07-30,1827.329956,1829.5,1766.02002,1779.219971,6562300,0,0,-2.63%,,,,,
131,2018-07-31,1786.48999,1801.829956,1739.319946,1777.439941,5738700,0,0,-0.51%,,,,,
132,2018-08-01,1784,1798.439941,1776.02002,1797.170044,4153100,0,0,0.74%,,,,,
133,2018-08-02,1788.77002,1836.560059,1786,1834.329956,4354700,0,0,2.55%,,,,,
134,2018-08-03,1837.73999,1841,1821.5,1823.290039,3460500,0,0,-0.79%,,,,,
135,2018-08-06,1825.810059,1847.77002,1818.920044,1847.75,3391800,0,0,1.20%,,,,,
136,2018-08-07,1854.530029,1869.719971,1846.27002,1862.47998,3377500,0,0,0.43%,,,,,
137,2018-08-08,1861,1891.51001,1854.5,1886.52002,3963000,0,0,1.37%,,,,,
138,2018-08-09,1882,1914.569946,1877.47998,1898.52002,4860400,0,0,0.88%,,,,,
139,2018-08-10,1888.51001,1899.5,1878.209961,1886.300049,3639900,0,0,-0.12%,,,,,
140,2018-08-13,1898.5,1925,1893.670044,1896.199951,5531500,0,0,-0.12%,,,,,
141,2018-08-14,1919.390015,1921.01001,1900,1919.650024,3986100,0,0,0.01%,,,,,
142,2018-08-15,1909.550049,1916.209961,1869.790039,1882.619995,7700700,0,0,-1.41%,,,,,
143,2018-08-16,1903.939941,1905,1883.550049,1886.52002,3957100,0,0,-0.91%,,,,,
144,2018-08-17,1885.800049,1888,1855.550049,1882.219971,4104300,0,0,-0.19%,,,,,
145,2018-08-20,1890.569946,1891.75,1866.060059,1876.709961,2862000,0,0,-0.73%,,,,,
146,2018-08-21,1880,1897.75,1874.410034,1883.420044,3105600,0,0,0.18%,,,,,
147,2018-08-22,1876.640015,1905.800049,1876.640015,1904.900024,3080500,0,0,1.51%,,,,,
148,2018-08-23,1907.170044,1919.5,1900.76001,1902.900024,3563000,0,0,-0.22%,,,,,
149,2018-08-24,1910.51001,1916.01001,1902.540039,1905.390015,2800900,0,0,-0.27%,,,,,
150,2018-08-27,1915,1927.699951,1909.280029,1927.680054,3569000,0,0,0.66%,,,,,
151,2018-08-28,1937.72998,1941.780029,1928.819946,1932.819946,3100700,0,0,-0.25%,,,,,
152,2018-08-29,1953.449951,1998.689941,1948.939941,1998.099976,6531800,0,0,2.29%,,,,,
153,2018-08-30,1997.420044,2025.569946,1986.900024,2002.380005,7277300,0,0,0.25%,,,,,
154,2018-08-31,2007,2022.380005,2004.73999,2012.709961,4204400,0,0,0.28%,,,,,
155,2018-09-04,2026.5,2050.5,2013,2039.51001,5721100,0,0,0.64%,,,,,
156,2018-09-05,2038.109985,2040.380005,1989.890015,1994.819946,8220600,0,0,-2.12%,,,,,
157,2018-09-06,2006.51001,2007.5,1935.209961,1958.310059,7488700,0,0,-2.40%,,,,,
158,2018-09-07,1938.709961,1975.199951,1937.349976,1952.069946,4892600,0,0,0.69%,,,,,
159,2018-09-10,1971,1973.040039,1931.52002,1939.01001,4544800,0,0,-1.62%,,,,,
160,2018-09-11,1928.27002,1988.880005,1917,1987.150024,5033600,0,0,3.05%,,,,,
161,2018-09-12,1994,2000,1962.439941,1990,4414000,0,0,-0.20%,,,,,
162,2018-09-13,2000,2008.76001,1982.030029,1989.869995,3621500,0,0,-0.51%,,,,,
163,2018-09-14,1992.930054,1993.650024,1959.219971,1970.189941,3642000,0,0,-1.14%,,,,,
164,2018-09-17,1954.72998,1956.819946,1887.410034,1908.030029,7050200,0,0,-2.39%,,,,,
165,2018-09-18,1918.650024,1958.199951,1915.439941,1941.050049,4268700,0,0,1.17%,,,,,
166,2018-09-19,1940.5,1940.829956,1904.900024,1926.420044,4056800,0,0,-0.73%,,,,,
167,2018-09-20,1938.579956,1955,1932.25,1944.300049,3154900,0,0,0.30%,,,,,
168,2018-09-21,1954.219971,1957.310059,1910.5,1915.01001,6855900,0,0,-2.01%,,,,,
169,2018-09-24,1903.790039,1936.880005,1865,1934.359985,4213700,0,0,1.61%,,,,,
170,2018-09-25,1942.900024,1975.910034,1938.849976,1974.550049,4538400,0,0,1.63%,,,,,
171,2018-09-26,1968.5,1995.25,1961.52002,1974.849976,4313500,0,0,0.32%,,,,,
172,2018-09-27,1993.23999,2016.160034,1988.579956,2012.97998,4329400,0,0,0.99%,,,,,
173,2018-09-28,2004.410034,2026.52002,1996.459961,2003,4085100,0,0,-0.07%,,,,,
174,2018-10-01,2021.98999,2033.189941,2003.599976,2004.359985,3460500,0,0,-0.87%,,,,,
175,2018-10-02,1999.98999,2013.390015,1965.77002,1971.310059,5400700,0,0,-1.43%,,,,,
176,2018-10-03,1981.699951,1989.699951,1949.810059,1952.76001,5253100,0,0,-1.46%,,,,,
177,2018-10-04,1949,1956,1896.569946,1909.420044,7257000,0,0,-2.03%,,,,,
178,2018-10-05,1917.98999,1929.079956,1862.829956,1889.650024,6822300,0,0,-1.48%,,,,,
179,2018-10-08,1874,1902,1830.660034,1864.420044,7393200,0,0,-0.51%,,,,,
180,2018-10-09,1859.98999,1896.680054,1852.319946,1870.319946,4772900,0,0,0.56%,,,,,
181,2018-10-10,1857.890015,1858.560059,1754.410034,1755.25,10988900,0,0,-5.52%,,,,,
182,2018-10-11,1724,1755.400024,1685.099976,1719.359985,13935900,0,0,-0.27%,,,,,
183,2018-10-12,1808,1808.949951,1742.530029,1788.609985,9444600,0,0,-1.07%,,,,,
184,2018-10-15,1795,1795.050049,1734.22998,1760.949951,6437200,0,0,-1.90%,,,,,
185,2018-10-16,1783.5,1823.880005,1761.550049,1819.959961,5859900,0,0,2.04%,,,,,
186,2018-10-17,1842.790039,1845,1807,1831.72998,5295200,0,0,-0.60%,,,,,
187,2018-10-18,1821.48999,1830.150024,1767.869995,1770.719971,5874000,0,0,-2.79%,,,,,
188,2018-10-19,1785.160034,1809.099976,1753,1764.030029,5907200,0,0,-1.18%,,,,,
189,2018-10-22,1784,1809.5,1756,1789.300049,4500000,0,0,0.30%,,,,,
190,2018-10-23,1742.23999,1776.339966,1714,1768.699951,6723900,0,0,1.52%,,,,,
191,2018-10-24,1773.699951,1777.709961,1656.560059,1664.199951,6928400,0,0,-6.17%,,,,,
192,2018-10-25,1703.339966,1794.810059,1692.01001,1782.170044,10285700,0,0,4.63%,,,,,
193,2018-10-26,1649.589966,1698.459961,1603,1642.810059,14963800,0,0,-0.41%,,,,,
194,2018-10-29,1660,1665.73999,1495,1538.880005,13866100,0,0,-7.30%,,,,,
195,2018-10-30,1486.160034,1540.98999,1476.359985,1530.420044,12460100,0,0,2.98%,,,,,
196,2018-10-31,1569.98999,1623.910034,1565.089966,1598.01001,9390200,0,0,1.78%,,,,,
197,2018-11-01,1623.530029,1670.449951,1598.439941,1665.530029,8135500,0,0,2.59%,,,,,
198,2018-11-02,1678.589966,1697.439941,1651.829956,1665.530029,6955500,0,0,-0.78%,,,,,
199,2018-11-05,1657.569946,1658.089966,1596.359985,1627.800049,5624700,0,0,-1.80%,,,,,
200,2018-11-06,1618.349976,1665,1614.550049,1642.810059,4257400,0,0,1.51%,,,,,
201,2018-11-07,1673,1759.22998,1664.079956,1755.48999,8192200,0,0,4.93%,,,,,
202,2018-11-08,1755,1784,1725.109985,1754.910034,6534900,0,0,-0.01%,,,,,
203,2018-11-09,1732.5,1743.920044,1701.869995,1712.430054,5902200,0,0,-1.16%,,,,,
204,2018-11-12,1698.23999,1708.550049,1630.01001,1636.849976,6806200,0,0,-3.61%,,,,,
205,2018-11-13,1649.290039,1677.060059,1613.75,1631.170044,5933300,0,0,-1.10%,,,,,
206,2018-11-14,1656.319946,1673,1597.069946,1599.01001,6486900,0,0,-3.46%,,,,,
207,2018-11-15,1581.01001,1624.819946,1546.51001,1619.439941,8427300,0,0,2.43%,,,,,
208,2018-11-16,1587.5,1614.47998,1573.119995,1593.410034,6066100,0,0,0.37%,,,,,
209,2018-11-19,1577.01001,1581.189941,1503.359985,1512.290039,7790000,0,0,-4.10%,,,,,
210,2018-11-20,1437.5,1534.75,1420,1495.459961,10878800,0,0,4.03%,,,,,
211,2018-11-21,1542.98999,1550,1515,1516.72998,5716800,0,0,-1.70%,,,,,
212,2018-11-23,1517,1536.199951,1501.810059,1502.060059,2707600,0,0,-0.98%,,,,,
213,2018-11-26,1539,1584.810059,1524.219971,1581.329956,6257700,0,0,2.75%,,,,,
214,2018-11-27,1575.98999,1597.650024,1558.01001,1581.420044,5783200,0,0,0.34%,,,,,
215,2018-11-28,1613.920044,1681.449951,1601.219971,1677.75,8458700,0,0,3.95%,,,,,
216,2018-11-29,1674.98999,1689.98999,1652.329956,1673.569946,6613200,0,0,-0.08%,,,,,
217,2018-11-30,1679.5,1696,1666.5,1690.170044,5761800,0,0,0.64%,,,,,
218,2018-12-03,1769.459961,1778.339966,1730,1772.359985,6862300,0,0,0.16%,,,,,
219,2018-12-04,1756,1770.339966,1665,1668.400024,8694500,0,0,-4.99%,,,,,
220,2018-12-06,1614.869995,1701.050049,1609.849976,1699.189941,8789400,0,0,5.22%,,,,,
221,2018-12-07,1705.069946,1718.930054,1625.459961,1629.130005,7576100,0,0,-4.45%,,,,,
222,2018-12-10,1623.839966,1657.98999,1590.869995,1641.030029,7494800,0,0,1.06%,,,,,
223,2018-12-11,1678,1679.469971,1619.599976,1643.23999,6244700,0,0,-2.07%,,,,,
224,2018-12-12,1669,1704.98999,1660.27002,1663.540039,6598000,0,0,-0.33%,,,,,
225,2018-12-13,1680,1692.119995,1641.5,1658.380005,5271300,0,0,-1.29%,,,,,
226,2018-12-14,1638,1642.569946,1585,1591.910034,6367200,0,0,-2.81%,,,,,
227,2018-12-17,1566,1576.130005,1505.01001,1520.910034,8829800,0,0,-2.88%,,,,,
228,2018-12-18,1540,1567.550049,1523.01001,1551.47998,6523000,0,0,0.75%,,,,,
229,2018-12-19,1543.050049,1584.530029,1483.180054,1495.079956,8792200,0,0,-3.11%,,,,,
230,2018-12-20,1484,1509.5,1432.689941,1460.829956,9991800,0,0,-1.56%,,,,,
231,2018-12-21,1464.98999,1480,1363.959961,1377.449951,13640300,0,0,-5.98%,,,,,
232,2018-12-24,1346,1396.030029,1307,1343.959961,7220000,0,0,-0.15%,,,,,
233,2018-12-26,1368.890015,1473.160034,1363.01001,1470.900024,10411800,0,0,7.45%,,,,,
234,2018-12-27,1454.199951,1469,1390.310059,1461.640015,9722000,0,0,0.51%,,,,,
235,2018-12-28,1473.349976,1513.469971,1449,1478.02002,8829000,0,0,0.32%,,,,,
236,2018-12-31,1510.800049,1520.76001,1487,1501.969971,6954500,0,0,-0.58%,,,,,
237,2019-01-02,1465.199951,1553.359985,1460.930054,1539.130005,7983100,0,0,5.05%,,,,,
238,2019-01-03,1520.01001,1538,1497.109985,1500.280029,6975600,0,0,-1.30%,,,,,
239,2019-01-04,1530,1594,1518.310059,1575.390015,9182600,0,0,2.97%,,,,,
240,2019-01-07,1602.310059,1634.560059,1589.189941,1629.51001,7993200,0,0,1.70%,,,,,
241,2019-01-08,1664.689941,1676.609985,1616.609985,1656.579956,8881400,0,0,-0.49%,,,,,
242,2019-01-09,1652.97998,1667.800049,1641.400024,1659.420044,6348800,0,0,0.39%,,,,,
243,2019-01-10,1641.01001,1663.25,1621.619995,1656.219971,6507700,0,0,0.93%,,,,,
244,2019-01-11,1640.550049,1660.290039,1636.219971,1640.560059,4686200,0,0,0.00%,,,,,
245,2019-01-14,1615,1648.199951,1595.150024,1617.209961,6005900,0,0,0.14%,,,,,
246,2019-01-15,1632,1675.160034,1626.01001,1674.560059,5998500,0,0,2.61%,,,,,
247,2019-01-16,1684.219971,1705,1675.880005,1683.780029,6366900,0,0,-0.03%,,,,,
248,2019-01-17,1680,1700.170044,1677.5,1693.219971,4208900,0,0,0.79%,,,,,
249,2019-01-18,1712,1716.199951,1691.540039,1696.199951,6020500,0,0,-0.92%,,,,,
250,2019-01-22,1681,1681.869995,1610.199951,1632.170044,6416800,0,0,-2.90%,,,,,
251,2019-01-23,1656,1657.430054,1612,1640.02002,5225200,0,0,-0.96%,,,,,
252,2019-01-24,1641.069946,1657.26001,1631.780029,1654.930054,4089900,0,0,0.84%,,,,,
253,2019-01-25,1670.5,1683.47998,1661.609985,1670.569946,4945900,0,0,0.00%,,,,,
254,2019-01-28,1643.589966,1645,1614.089966,1637.890015,4837700,0,0,-0.35%,,,,,
255,2019-01-29,1631.27002,1632.380005,1590.719971,1593.880005,4632800,0,0,-2.29%,,,,,
256,2019-01-30,1623,1676.949951,1619.680054,1670.430054,5783800,0,0,2.92%,,,,,
257,2019-01-31,1692.849976,1736.410034,1679.079956,1718.72998,10910300,0,0,1.53%,,,,,
258,2019-02-01,1638.880005,1673.060059,1622.01001,1626.22998,11506200,0,0,-0.77%,,,,,
259,2019-02-04,1623,1649.630005,1613.5,1633.310059,4929100,0,0,0.64%,,,,,
260,2019-02-05,1643.339966,1665.26001,1642.5,1658.810059,4453100,0,0,0.94%,,,,,
261,2019-02-06,1670.75,1672.26001,1633.339966,1640.26001,3939900,0,0,-1.82%,,,,,
262,2019-02-07,1625,1625.540039,1592.910034,1614.369995,4626600,0,0,-0.65%,,,,,
263,2019-02-08,1586,1588.589966,1566.76001,1588.219971,5657500,0,0,0.14%,,,,,
264,2019-02-11,1600.97998,1609.290039,1586,1591,3317300,0,0,-0.62%,,,,,
265,2019-02-12,1604,1639.400024,1598.880005,1638.01001,4858600,0,0,2.12%,,,,,
266,2019-02-13,1647,1656.380005,1637.109985,1640,3560300,0,0,-0.43%,,,,,
267,2019-02-14,1624.5,1637.900024,1606.060059,1622.650024,4120500,0,0,-0.11%,,,,,
268,2019-02-15,1627.859985,1628.910034,1604.5,1607.949951,4343900,0,0,-1.22%,,,,,
269,2019-02-19,1601,1634,1600.560059,1627.579956,3681700,0,0,1.66%,,,,,
270,2019-02-20,1630,1634.930054,1610.119995,1622.099976,3337600,0,0,-0.48%,,,,,
271,2019-02-21,1619.849976,1623.560059,1600.910034,1619.439941,3483400,0,0,-0.03%,,,,,
272,2019-02-22,1623.5,1634.939941,1621.170044,1631.560059,3096200,0,0,0.50%,,,,,
273,2019-02-25,1641.449951,1654.599976,1630.390015,1633,3184500,0,0,-0.51%,,,,,
274,2019-02-26,1625.97998,1639.98999,1616.130005,1636.400024,2665800,0,0,0.64%,,,,,
275,2019-02-27,1628.180054,1641.810059,1615.099976,1641.089966,3148800,0,0,0.79%,,,,,
276,2019-02-28,1635.25,1651.77002,1633.829956,1639.829956,3025900,0,0,0.28%,,,,,
277,2019-03-01,1655.130005,1674.26001,1651,1671.72998,4974900,0,0,1.00%,,,,,
278,2019-03-04,1685,1709.430054,1674.359985,1696.170044,6167400,0,0,0.66%,,,,,
279,2019-03-05,1702.949951,1707.800049,1689.01001,1692.430054,3681500,0,0,-0.62%,,,,,
280,2019-03-06,1695.969971,1697.75,1668.280029,1668.949951,3996000,0,0,-1.59%,,,,,
281,2019-03-07,1667.369995,1669.75,1620.51001,1625.949951,4957000,0,0,-2.48%,,,,,
282,2019-03-08,1604.01001,1622.719971,1586.569946,1620.800049,4667000,0,0,1.05%,,,,,
283,2019-03-11,1626.119995,1672.290039,1626.01001,1670.619995,3876400,0,0,2.74%,,,,,
284,2019-03-12,1669,1684.27002,1660.97998,1673.099976,3614500,0,0,0.25%,,,,,
285,2019-03-13,1683,1700,1679.349976,1690.810059,3552000,0,0,0.46%,,,,,
286,2019-03-14,1691.199951,1702,1684.339966,1686.219971,2946600,0,0,-0.29%,,,,,
287,2019-03-15,1703,1718.800049,1693.130005,1712.359985,7550900,0,0,0.55%,,,,,
288,2019-03-18,1712.699951,1750,1712.630005,1742.150024,5429100,0,0,1.72%,,,,,
289,2019-03-19,1753.51001,1784.160034,1753.51001,1761.849976,6364200,0,0,0.48%,,,,,
290,2019-03-20,1769.939941,1799.5,1767.030029,1797.27002,6265600,0,0,1.54%,,,,,
291,2019-03-21,1796.26001,1823.75,1787.280029,1819.26001,5767800,0,0,1.28%,,,,,
292,2019-03-22,1810.170044,1818.97998,1763.109985,1764.77002,6363000,0,0,-2.51%,,,,,
293,2019-03-25,1757.790039,1782.680054,1747.5,1774.26001,5103800,0,0,0.94%,,,,,
294,2019-03-26,1793,1805.77002,1773.359985,1783.76001,4865900,0,0,-0.52%,,,,,
295,2019-03-27,1784.130005,1787.5,1745.680054,1765.699951,4324800,0,0,-1.03%,,,,,
296,2019-03-28,1770,1777.930054,1753.469971,1773.420044,3043000,0,0,0.19%,,,,,
297,2019-03-29,1786.579956,1792.859985,1776.630005,1780.75,3320800,0,0,-0.33%,,,,,
298,2019-04-01,1800.109985,1815.670044,1798.72998,1814.189941,4238800,0,0,0.78%,,,,,
299,2019-04-02,1811.02002,1820,1805.119995,1813.97998,3448100,0,0,0.16%,,,,,
300,2019-04-03,1826.719971,1830,1809.619995,1820.699951,3980600,0,0,-0.33%,,,,,
301,2019-04-04,1820.650024,1828.75,1804.199951,1818.859985,3623900,0,0,-0.10%,,,,,
302,2019-04-05,1829,1838.579956,1825.189941,1837.280029,3640500,0,0,0.45%,,,,,
303,2019-04-08,1833.22998,1850.199951,1825.109985,1849.859985,3752800,0,0,0.91%,,,,,
304,2019-04-09,1845.48999,1853.089966,1831.780029,1835.839966,3714400,0,0,-0.52%,,,,,
305,2019-04-10,1841,1848,1828.810059,1847.329956,2964000,0,0,0.34%,,,,,
306,2019-04-11,1848.699951,1849.949951,1840.310059,1844.069946,2654800,0,0,-0.25%,,,,,
307,2019-04-12,1848.400024,1851.5,1841.300049,1843.060059,3114400,0,0,-0.29%,,,,,
308,2019-04-15,1842,1846.849976,1818.900024,1844.869995,3724400,0,0,0.16%,,,,,
309,2019-04-16,1851.349976,1869.77002,1848,1863.040039,3044600,0,0,0.63%,,,,,
310,2019-04-17,1872.98999,1876.469971,1860.439941,1864.819946,2893500,0,0,-0.44%,,,,,
311,2019-04-18,1868.790039,1870.819946,1859.47998,1861.689941,2749900,0,0,-0.38%,,,,,
312,2019-04-22,1855.400024,1888.420044,1845.640015,1887.310059,3373800,0,0,1.72%,,,,,
313,2019-04-23,1891.199951,1929.26001,1889.579956,1923.77002,4640400,0,0,1.72%,,,,,
314,2019-04-24,1925,1929.689941,1898.160034,1901.75,3675800,0,0,-1.21%,,,,,
315,2019-04-25,1917,1922.449951,1900.310059,1902.25,6099100,0,0,-0.77%,,,,,
316,2019-04-26,1929,1951,1898,1950.630005,8432600,0,0,1.12%,,,,,
317,2019-04-29,1949,1956.339966,1934.089966,1938.430054,4021300,0,0,-0.54%,,,,,
318,2019-04-30,1930.099976,1935.709961,1906.949951,1926.52002,3506000,0,0,-0.19%,,,,,
319,2019-05-01,1933.089966,1943.640015,1910.550049,1911.52002,3117000,0,0,-1.12%,,,,,
320,2019-05-02,1913.329956,1921.550049,1881.869995,1900.819946,3962900,0,0,-0.65%,,,,,
321,2019-05-03,1949,1964.400024,1936,1962.459961,6381600,0,0,0.69%,,,,,
322,2019-05-06,1917.97998,1959,1910.5,1950.550049,5417800,0,0,1.70%,,,,,
323,2019-05-07,1939.98999,1949.099976,1903.380005,1921,5902100,0,0,-0.98%,,,,,
324,2019-05-08,1918.869995,1935.369995,1910,1917.77002,4078600,0,0,-0.06%,,,,,
325,2019-05-09,1900,1909.400024,1876,1899.869995,5308300,0,0,-0.01%,,,,,
326,2019-05-10,1898,1903.790039,1856,1889.97998,5718000,0,0,-0.42%,,,,,
327,2019-05-13,1836.560059,1846.540039,1818,1822.680054,5783400,0,0,-0.76%,,,,,
328,2019-05-14,1839.5,1852.439941,1815.75,1840.119995,4629100,0,0,0.03%,,,,,
329,2019-05-15,1827.949951,1874.430054,1823,1871.150024,4692600,0,0,2.36%,,,,,
330,2019-05-16,1885.939941,1917.51001,1882.290039,1907.569946,4707800,0,0,1.15%,,,,,
331,2019-05-17,1893.050049,1910.530029,1867.329956,1869,4736600,0,0,-1.27%,,,,,
332,2019-05-20,1852.689941,1867.780029,1835.540039,1858.969971,3798200,0,0,0.34%,,,,,
333,2019-05-21,1874.790039,1879,1846,1857.52002,4005100,0,0,-0.92%,,,,,
334,2019-05-22,1851.780029,1871.48999,1851,1859.680054,2936600,0,0,0.43%,,,,,
335,2019-05-23,1836.589966,1844,1804.199951,1815.47998,4424300,0,0,-1.15%,,,,,
336,2019-05-24,1835.890015,1841.76001,1817.849976,1823.280029,3369700,0,0,-0.69%,,,,,
337,2019-05-28,1832.75,1849.27002,1827.349976,1836.430054,3200000,0,0,0.20%,,,,,
338,2019-05-29,1823.119995,1830,1807.530029,1819.189941,4279000,0,0,-0.22%,,,,,
339,2019-05-30,1825.48999,1829.469971,1807.829956,1816.319946,3146900,0,0,-0.50%,,,,,
340,2019-05-31,1790.01001,1795.589966,1772.699951,1775.069946,4618800,0,0,-0.83%,,,,,
341,2019-06-03,1760.01001,1766.290039,1672,1692.689941,9098700,0,0,-3.82%,,,,,
342,2019-06-04,1699.23999,1730.819946,1680.890015,1729.560059,5679100,0,0,1.78%,,,,,
343,2019-06-05,1749.599976,1752,1715.25,1738.5,4239800,0,0,-0.63%,,,,,
344,2019-06-06,1737.709961,1760,1726.130005,1754.359985,3689300,0,0,0.96%,,,,,
345,2019-06-07,1763.699951,1806.25,1759.48999,1804.030029,4808200,0,0,2.29%,,,,,
346,2019-06-10,1822,1884.869995,1818,1860.630005,5371000,0,0,2.12%,,,,,
347,2019-06-11,1883.25,1893.699951,1858,1863.699951,4042700,0,0,-1.04%,,,,,
348,2019-06-12,1853.97998,1865,1844.380005,1855.319946,2674500,0,0,0.07%,,,,,
349,2019-06-13,1866.719971,1883.089966,1862.219971,1870.300049,2795800,0,0,0.19%,,,,,
350,2019-06-14,1864,1876,1859,1869.670044,2851200,0,0,0.30%,,,,,
351,2019-06-17,1876.5,1895.689941,1875.449951,1886.030029,2634300,0,0,0.51%,,,,,
352,2019-06-18,1901.349976,1921.670044,1899.790039,1901.369995,3895700,0,0,0.00%,,,,,
353,2019-06-19,1907.839966,1919.579956,1892.469971,1908.790039,2895300,0,0,0.05%,,,,,
354,2019-06-20,1933.329956,1935.199951,1905.800049,1918.189941,3217200,0,0,-0.78%,,,,,
355,2019-06-21,1916.099976,1925.949951,1907.579956,1911.300049,3933600,0,0,-0.25%,,,,,
356,2019-06-24,1912.660034,1916.859985,1901.300049,1913.900024,2283000,0,0,0.06%,,,,,
357,2019-06-25,1911.839966,1916.390015,1872.420044,1878.27002,3012300,0,0,-1.76%,,,,,
358,2019-06-26,1892.47998,1903.800049,1887.319946,1897.829956,2441900,0,0,0.28%,,,,,
359,2019-06-27,1902,1911.23999,1898.040039,1904.280029,2141700,0,0,0.12%,,,,,
360,2019-06-28,1909.099976,1912.939941,1884,1893.630005,3037400,0,0,-0.81%,,,,,
361,2019-07-01,1922.97998,1929.819946,1914.660034,1922.189941,3203300,0,0,-0.04%,,,,,
362,2019-07-02,1919.380005,1934.790039,1906.630005,1934.310059,2645900,0,0,0.78%,,,,,
363,2019-07-03,1935.890015,1941.589966,1930.5,1939,1690300,0,0,0.16%,,,,,
364,2019-07-05,1928.599976,1945.900024,1925.300049,1942.910034,2628400,0,0,0.74%,,,,,
365,2019-07-08,1934.119995,1956,1928.25,1952.319946,2883400,0,0,0.94%,,,,,
366,2019-07-09,1947.800049,1990.01001,1943.47998,1988.300049,4345700,0,0,2.08%,,,,,
367,2019-07-10,1996.51001,2024.939941,1995.400024,2017.410034,4931900,0,0,1.05%,,,,,
368,2019-07-11,2025.619995,2035.800049,1995.300049,2001.069946,4317800,0,0,-1.21%,,,,,
369,2019-07-12,2008.27002,2017,2003.869995,2011,2509300,0,0,0.14%,,,,,
370,2019-07-15,2021.400024,2022.900024,2001.550049,2020.98999,2981300,0,0,-0.02%,,,,,
371,2019-07-16,2010.579956,2026.319946,2001.219971,2009.900024,2618200,0,0,-0.03%,,,,,
372,2019-07-17,2007.050049,2012,1992.030029,1992.030029,2558800,0,0,-0.75%,,,,,
373,2019-07-18,1980.01001,1987.5,1951.550049,1977.900024,3504300,0,0,-0.11%,,,,,
374,2019-07-19,1991.209961,1996,1962.22998,1964.52002,3185600,0,0,-1.34%,,,,,
375,2019-07-22,1971.140015,1989,1958.26001,1985.630005,2900000,0,0,0.74%,,,,,
376,2019-07-23,1995.98999,1997.790039,1973.130005,1994.48999,2703500,0,0,-0.08%,,,,,
377,2019-07-24,1969.300049,2001.300049,1965.869995,2000.810059,2631300,0,0,1.60%,,,,,
378,2019-07-25,2001,2001.199951,1972.719971,1973.819946,4136500,0,0,-1.36%,,,,,
379,2019-07-26,1942,1950.900024,1924.51001,1943.050049,4927100,0,0,0.05%,,,,,
380,2019-07-29,1930,1932.22998,1890.540039,1912.449951,4493200,0,0,-0.91%,,,,,
381,2019-07-30,1891.119995,1909.890015,1883.47998,1898.530029,2910900,0,0,0.39%,,,,,
382,2019-07-31,1898.109985,1899.550049,1849.439941,1866.780029,4470700,0,0,-1.65%,,,,,
383,2019-08-01,1871.719971,1897.920044,1844.01001,1855.319946,4713300,0,0,-0.88%,,,,,
384,2019-08-02,1845.069946,1846.359985,1808.02002,1823.23999,4956200,0,0,-1.18%,,,,,
385,2019-08-05,1770.219971,1788.670044,1748.780029,1765.130005,6058200,0,0,-0.29%,,,,,
386,2019-08-06,1792.22998,1793.77002,1753.400024,1787.829956,5070300,0,0,-0.25%,,,,,
387,2019-08-07,1773.98999,1798.930054,1757,1793.400024,4526900,0,0,1.09%,,,,,
388,2019-08-08,1806,1834.26001,1798.109985,1832.890015,3701200,0,0,1.49%,,,,,
389,2019-08-09,1828.949951,1831.089966,1802.219971,1807.579956,2879800,0,0,-1.17%,,,,,
390,2019-08-12,1795.98999,1800.97998,1777,1784.920044,2905500,0,0,-0.62%,,,,,
391,2019-08-13,1783,1831.73999,1780,1824.339966,3994000,0,0,2.32%,,,,,
392,2019-08-14,1793.01001,1795.650024,1757.219971,1762.959961,4893600,0,0,-1.68%,,,,,
393,2019-08-15,1781.98999,1788,1761.959961,1776.119995,3759100,0,0,-0.33%,,,,,
394,2019-08-16,1792.890015,1802.910034,1784.550049,1792.569946,3018000,0,0,-0.02%,,,,,
395,2019-08-19,1818.079956,1826,1812.609985,1816.119995,2816300,0,0,-0.11%,,,,,
396,2019-08-20,1814.5,1816.819946,1799.880005,1801.380005,1929500,0,0,-0.72%,,,,,
397,2019-08-21,1819.390015,1829.579956,1815,1823.540039,2031800,0,0,0.23%,,,,,
398,2019-08-22,1828,1829.410034,1800.099976,1804.660034,2653500,0,0,-1.28%,,,,,
399,2019-08-23,1793.030029,1804.900024,1745.22998,1749.619995,5270800,0,0,-2.42%,,,,,
400,2019-08-26,1766.910034,1770,1743.51001,1768.869995,3080000,0,0,0.11%,,,,,
401,2019-08-27,1775.72998,1779.400024,1746.680054,1761.829956,3019700,0,0,-0.78%,,,,,
402,2019-08-28,1755,1767.859985,1744.050049,1764.25,2419700,0,0,0.53%,,,,,
403,2019-08-29,1783,1798.550049,1777.25,1786.400024,3015100,0,0,0.19%,,,,,
404,2019-08-30,1797.48999,1799.73999,1764.569946,1776.290039,3058700,0,0,-1.18%,,,,,
405,2019-09-03,1770,1800.800049,1768,1789.839966,3543000,0,0,1.12%,,,,,
406,2019-09-04,1805,1807.630005,1796.22998,1800.619995,2324100,0,0,-0.24%,,,,,
407,2019-09-05,1821.949951,1842,1815.579956,1840.719971,3310800,0,0,1.03%,,,,,
408,2019-09-06,1838.219971,1840.650024,1826.400024,1833.51001,2496900,0,0,-0.26%,,,,,
409,2019-09-09,1841,1850,1824.609985,1831.349976,2999500,0,0,-0.52%,,,,,
410,2019-09-10,1822.75,1825.810059,1805.339966,1820.550049,2613900,0,0,-0.12%,,,,,
411,2019-09-11,1812.140015,1833.420044,1809.079956,1822.98999,2432800,0,0,0.60%,,,,,
412,2019-09-12,1837.630005,1853.660034,1834.280029,1843.550049,2823500,0,0,0.32%,,,,,
413,2019-09-13,1842.01001,1846.119995,1835.170044,1839.339966,1971300,0,0,-0.14%,,,,,
414,2019-09-16,1824.02002,1825.689941,1800.199951,1807.839966,3675500,0,0,-0.89%,,,,,
415,2019-09-17,1807.079956,1823.98999,1804.099976,1822.550049,1982400,0,0,0.86%,,,,,
416,2019-09-18,1817.040039,1822.060059,1795.5,1817.459961,2505600,0,0,0.02%,,,,,
417,2019-09-19,1821.02002,1832.569946,1817.900024,1821.5,2031500,0,0,0.03%,,,,,
418,2019-09-20,1821.709961,1830.630005,1780.920044,1794.160034,5341900,0,0,-1.51%,,,,,
419,2019-09-23,1777,1792.699951,1767.319946,1785.300049,2922300,0,0,0.47%,,,,,
420,2019-09-24,1790.609985,1795.709961,1735.550049,1741.609985,4616000,0,0,-2.74%,,,,,
421,2019-09-25,1747.359985,1773,1723,1768.329956,3493200,0,0,1.20%,,,,,
422,2019-09-26,1762.790039,1763.369995,1731.5,1739.839966,3536800,0,0,-1.30%,,,,,
423,2019-09-27,1748,1749.119995,1713.819946,1725.449951,3907200,0,0,-1.29%,,,,,
424,2019-09-30,1726.98999,1737.459961,1709.219971,1735.910034,2644700,0,0,0.52%,,,,,
425,2019-10-01,1746,1755.599976,1728.410034,1735.650024,3084500,0,0,-0.59%,,,,,
426,2019-10-02,1727.73999,1728.890015,1705,1713.22998,3301100,0,0,-0.84%,,,,,
427,2019-10-03,1713,1725,1685.060059,1724.420044,3468200,0,0,0.67%,,,,,
428,2019-10-04,1726.02002,1740.579956,1719.22998,1739.650024,2471900,0,0,0.79%,,,,,
429,2019-10-07,1731.630005,1747.829956,1723.699951,1732.660034,2154700,0,0,0.06%,,,,,
430,2019-10-08,1722.48999,1727,1705,1705.51001,2542000,0,0,-0.99%,,,,,
431,2019-10-09,1719.609985,1729.949951,1714.359985,1721.98999,2043500,0,0,0.14%,,,,,
432,2019-10-10,1725.23999,1738.290039,1713.75,1720.26001,2575200,0,0,-0.29%,,,,,
433,2019-10-11,1742.920044,1745.449951,1729.859985,1731.920044,3255000,0,0,-0.63%,,,,,
434,2019-10-14,1728.910034,1741.890015,1722,1736.430054,1910200,0,0,0.43%,,,,,
435,2019-10-15,1742.140015,1776.449951,1740.619995,1767.380005,3111700,0,0,1.45%,,,,,
436,2019-10-16,1773.329956,1786.23999,1770.52002,1777.430054,2763400,0,0,0.23%,,,,,
437,2019-10-17,1796.48999,1798.849976,1782.02002,1787.47998,2647400,0,0,-0.50%,,,,,
438,2019-10-18,1787.800049,1793.97998,1749.199951,1757.51001,3362500,0,0,-1.69%,,,,,
439,2019-10-21,1769.660034,1785.880005,1765,1785.660034,2130400,0,0,0.90%,,,,,
440,2019-10-22,1788.150024,1789.780029,1762,1765.72998,2111700,0,0,-1.25%,,,,,
441,2019-10-23,1761.300049,1770.050049,1742,1762.170044,2138200,0,0,0.05%,,,,,
442,2019-10-24,1771.089966,1788.339966,1760.27002,1780.780029,4446100,0,0,0.55%,,,,,
443,2019-10-25,1697.550049,1764.209961,1695,1761.329956,9626400,0,0,3.76%,,,,,
444,2019-10-28,1748.060059,1778.699951,1742.5,1777.079956,3708900,0,0,1.66%,,,,,
445,2019-10-29,1774.810059,1777,1755.810059,1762.709961,2276900,0,0,-0.68%,,,,,
446,2019-10-30,1760.23999,1782.380005,1759.119995,1779.98999,2449400,0,0,1.12%,,,,,
447,2019-10-31,1775.98999,1792,1771.47998,1776.660034,2781200,0,0,0.04%,,,,,
448,2019-11-01,1788.01001,1797.449951,1785.209961,1791.439941,2790400,0,0,0.19%,,,,,
449,2019-11-04,1801.01001,1815.060059,1801.01001,1804.660034,2771900,0,0,0.20%,,,,,
450,2019-11-05,1809.160034,1810.25,1794,1801.709961,1885500,0,0,-0.41%,,,,,
451,2019-11-06,1801,1802.5,1788.579956,1795.77002,2029800,0,0,-0.29%,,,,,
452,2019-11-07,1803.76001,1805.900024,1783.47998,1788.199951,2651100,0,0,-0.86%,,,,,
453,2019-11-08,1787.890015,1789.880005,1774.040039,1785.880005,2123300,0,0,-0.11%,,,,,
454,2019-11-11,1778,1780,1767.130005,1771.650024,1946000,0,0,-0.36%,,,,,
455,2019-11-12,1774.660034,1786.219971,1771.910034,1778,2037600,0,0,0.19%,,,,,
456,2019-11-13,1773.390015,1775,1747.319946,1753.109985,2989500,0,0,-1.14%,,,,,
457,2019-11-14,1751.430054,1766.589966,1749.560059,1754.599976,2264800,0,0,0.18%,,,,,
458,2019-11-15,1760.050049,1761.680054,1732.859985,1739.48999,3927600,0,0,-1.17%,,,,,
459,2019-11-18,1738.300049,1753.699951,1722.709961,1752.530029,2839500,0,0,0.82%,,,,,
460,2019-11-19,1756.98999,1760.680054,1743.030029,1752.790039,2270800,0,0,-0.24%,,,,,
461,2019-11-20,1749.140015,1762.52002,1734.119995,1745.530029,2790000,0,0,-0.21%,,,,,
462,2019-11-21,1743,1746.869995,1730.359985,1734.709961,2662900,0,0,-0.48%,,,,,
463,2019-11-22,1739.02002,1746.430054,1731,1745.719971,2479100,0,0,0.39%,,,,,
464,2019-11-25,1753.25,1777.420044,1753.23999,1773.839966,3486200,0,0,1.17%,,,,,
465,2019-11-26,1779.920044,1797.030029,1778.349976,1796.939941,3181200,0,0,0.96%,,,,,
466,2019-11-27,1801,1824.5,1797.310059,1818.51001,3025600,0,0,0.97%,,,,,
467,2019-11-29,1817.780029,1824.689941,1800.790039,1800.800049,1923400,0,0,-0.93%,,,,,
468,2019-12-02,1804.400024,1805.550049,1762.680054,1781.599976,3925600,0,0,-1.26%,,,,,
469,2019-12-03,1760,1772.869995,1747.22998,1769.959961,3380900,0,0,0.57%,,,,,
470,2019-12-04,1774.01001,1789.089966,1760.219971,1760.689941,2670100,0,0,-0.75%,,,,,
471,2019-12-05,1763.5,1763.5,1740,1740.47998,2823800,0,0,-1.31%,,,,,
472,2019-12-06,1751.199951,1754.400024,1740.130005,1751.599976,3117400,0,0,0.02%,,,,,
473,2019-12-09,1750.660034,1766.890015,1745.609985,1749.51001,2442800,0,0,-0.07%,,,,,
474,2019-12-10,1747.400024,1750.670044,1735,1739.209961,2514300,0,0,-0.47%,,,,,
475,2019-12-11,1741.670044,1750,1735.709961,1748.719971,2097600,0,0,0.40%,,,,,
476,2019-12-12,1750,1764,1745.439941,1760.329956,3095900,0,0,0.59%,,,,,
477,2019-12-13,1765,1768.98999,1755,1760.939941,2745700,0,0,-0.23%,,,,,
478,2019-12-16,1767,1769.5,1757.050049,1769.209961,3145200,0,0,0.13%,,,,,
479,2019-12-17,1778.01001,1792,1777.390015,1790.660034,3644400,0,0,0.71%,,,,,
480,2019-12-18,1795.02002,1798.199951,1782.359985,1784.030029,3351400,0,0,-0.61%,,,,,
481,2019-12-19,1780.5,1792.98999,1774.060059,1792.280029,2652800,0,0,0.66%,,,,,
482,2019-12-20,1799.619995,1802.969971,1782.449951,1786.5,5150800,0,0,-0.73%,,,,,
483,2019-12-23,1788.26001,1793,1784.51001,1793,2136400,0,0,0.27%,,,,,
484,2019-12-24,1793.810059,1795.569946,1787.579956,1789.209961,881300,0,0,-0.26%,,,,,
485,2019-12-26,1801.01001,1870.459961,1799.5,1868.77002,6005400,0,0,3.76%,,,,,
486,2019-12-27,1882.920044,1901.400024,1866.01001,1869.800049,6186600,0,0,-0.70%,,,,,
487,2019-12-30,1874,1884,1840.619995,1846.890015,3674700,0,0,-1.45%,,,,,
488,2019-12-31,1842,1853.26001,1832.22998,1847.839966,2506500,0,0,0.32%,,,,,
489,2020-01-02,1875,1898.01001,1864.150024,1898.01001,4029000,0,0,1.23%,,,,,
490,2020-01-03,1864.5,1886.199951,1864.5,1874.969971,3764400,0,0,0.56%,,,,,
491,2020-01-06,1860,1903.689941,1860,1902.880005,4061800,0,0,2.31%,,,,,
492,2020-01-07,1904.5,1913.890015,1892.040039,1906.859985,4044900,0,0,0.12%,,,,,
493,2020-01-08,1898.040039,1911,1886.439941,1891.969971,3508000,0,0,-0.32%,,,,,
494,2020-01-09,1909.890015,1917.819946,1895.800049,1901.050049,3167300,0,0,-0.46%,,,,,
495,2020-01-10,1905.369995,1906.939941,1880,1883.160034,2853700,0,0,-1.17%,,,,,
496,2020-01-13,1891.310059,1898,1880.800049,1891.300049,2780800,0,0,0.00%,,,,,
497,2020-01-14,1885.880005,1887.109985,1858.550049,1869.439941,3440900,0,0,-0.87%,,,,,
498,2020-01-15,1872.25,1878.859985,1855.089966,1862.02002,2896600,0,0,-0.55%,,,,,
499,2020-01-16,1882.98999,1885.589966,1866.02002,1877.939941,2659500,0,0,-0.27%,,,,,
500,2020-01-17,1885.890015,1886.640015,1857.25,1864.719971,3997300,0,0,-1.12%,,,,,
501,2020-01-21,1865,1894.27002,1860,1892,3707800,0,0,1.45%,,,,,
502,2020-01-22,1896.089966,1902.5,1883.339966,1887.459961,3216300,0,0,-0.46%,,,,,
503,2020-01-23,1885.109985,1889.97998,1872.76001,1884.579956,2484600,0,0,-0.03%,,,,,
504,2020-01-24,1891.369995,1894.98999,1847.439941,1861.640015,3766200,0,0,-1.57%,,,,,
505,2020-01-27,1820,1841,1815.339966,1828.339966,3528500,0,0,0.46%,,,,,
506,2020-01-28,1840.5,1858.109985,1830.02002,1853.25,2808000,0,0,0.69%,,,,,
507,2020-01-29,1864,1874.75,1855.02002,1858,2088000,0,0,-0.32%,,,,,
508,2020-01-30,1858,1872.869995,1850.609985,1870.680054,6327400,0,0,0.68%,,,,,
509,2020-01-31,2051.469971,2055.719971,2002.27002,2008.719971,15567300,0,0,-2.08%,,,,,
510,2020-02-03,2010.599976,2048.5,2000.25,2004.199951,5899100,0,0,-0.32%,,,,,
511,2020-02-04,2029.880005,2059.800049,2015.369995,2049.669922,5289300,0,0,0.97%,,,,,
512,2020-02-05,2071.02002,2071.02002,2032,2039.869995,4376200,0,0,-1.50%,,,,,
513,2020-02-06,2041.02002,2056.300049,2024.800049,2050.22998,3183000,0,0,0.45%,,,,,
514,2020-02-07,2041.98999,2098.530029,2038.099976,2079.280029,5095300,0,0,1.83%,,,,,
515,2020-02-10,2085.01001,2135.600098,2084.959961,2133.909912,5056200,0,0,2.35%,,,,,
516,2020-02-11,2150.899902,2185.949951,2136,2150.800049,5746000,0,0,0.00%,,,,,
517,2020-02-12,2163.199951,2180.25,2155.290039,2160,3334300,0,0,-0.15%,,,,,
518,2020-02-13,2144.98999,2170.280029,2142,2149.870117,3031800,0,0,0.23%,,,,,
519,2020-02-14,2155.679932,2159.040039,2125.889893,2134.870117,2606200,0,0,-0.97%,,,,,
520,2020-02-18,2125.02002,2166.070068,2124.110107,2155.669922,2945600,0,0,1.44%,,,,,
521,2020-02-19,2167.800049,2185.100098,2161.120117,2170.219971,2561200,0,0,0.11%,,,,,
522,2020-02-20,2173.070068,2176.790039,2127.449951,2153.100098,3131300,0,0,-0.92%,,,,,
523,2020-02-21,2142.149902,2144.550049,2088,2095.969971,4646300,0,0,-2.16%,,,,,
524,2020-02-24,2003.180054,2039.300049,1987.969971,2009.290039,6547000,0,0,0.31%,,,,,
525,2020-02-25,2026.420044,2034.599976,1958.420044,1972.73999,6219100,0,0,-2.65%,,,,,
526,2020-02-26,1970.280029,2014.670044,1960.449951,1979.589966,5224600,0,0,0.47%,,,,,
527,2020-02-27,1934.380005,1975,1882.76001,1884.300049,8144000,0,0,-2.59%,,,,,
528,2020-02-28,1814.630005,1889.76001,1811.130005,1883.75,9493800,0,0,3.81%,,,,,
529,2020-03-02,1906.48999,1954.51001,1870,1953.949951,6761700,0,0,2.49%,,,,,
530,2020-03-03,1975.369995,1996.329956,1888.089966,1908.98999,7534500,0,0,-3.36%,,,,,
531,2020-03-04,1946.569946,1978,1922,1975.829956,4772900,0,0,1.50%,,,,,
532,2020-03-05,1933,1960.719971,1910,1924.030029,4748200,0,0,-0.46%,,,,,
533,2020-03-06,1875,1910.869995,1869.5,1901.089966,5273600,0,0,1.39%,,,,,
534,2020-03-09,1773.859985,1862.77002,1761.290039,1800.609985,7813200,0,0,1.51%,,,,,
535,2020-03-10,1870.880005,1894.27002,1818.170044,1891.819946,7133300,0,0,1.12%,,,,,
536,2020-03-11,1857.849976,1871.319946,1801.5,1820.859985,5624800,0,0,-1.99%,,,,,
537,2020-03-12,1721.97998,1765,1675,1676.609985,11346200,0,0,-2.63%,,,,,
538,2020-03-13,1755,1786.310059,1680.619995,1785,8809700,0,0,1.71%,,,,,
539,2020-03-16,1641.51001,1759.449951,1626.030029,1689.150024,8917300,0,0,2.90%,,,,,
540,2020-03-17,1775.469971,1857.780029,1689.23999,1807.839966,10917100,0,0,1.82%,,,,,
541,2020-03-18,1750,1841.660034,1745,1830,9645200,0,0,4.57%,,,,,
542,2020-03-19,1860,1945,1832.650024,1880.930054,10399900,0,0,1.13%,,,,,
543,2020-03-20,1926.310059,1957,1820.72998,1846.089966,9817900,0,0,-4.16%,,,,,
544,2020-03-23,1827.75,1919.400024,1812,1902.829956,7808500,0,0,4.11%,,,,,
545,2020-03-24,1951.5,1955,1900.339966,1940.099976,7147100,0,0,-0.58%,,,,,
546,2020-03-25,1920.689941,1950.26001,1885.780029,1885.839966,6479100,0,0,-1.81%,,,,,
547,2020-03-26,1902,1956.48999,1889.290039,1955.48999,6221300,0,0,2.81%,,,,,
548,2020-03-27,1930.859985,1939.790039,1899.920044,1900.099976,5387900,0,0,-1.59%,,,,,
549,2020-03-30,1922.829956,1973.630005,1912.339966,1963.949951,6126100,0,0,2.14%,,,,,
550,2020-03-31,1964.349976,1993.02002,1944.01001,1949.719971,5123600,0,0,-0.74%,,,,,
551,2020-04-01,1932.969971,1944.959961,1893,1907.699951,4121900,0,0,-1.31%,,,,,
552,2020-04-02,1901.640015,1927.530029,1890,1918.829956,4336000,0,0,0.90%,,,,,
553,2020-04-03,1911.150024,1926.329956,1889.150024,1906.589966,3609900,0,0,-0.24%,,,,,
554,2020-04-06,1936,1998.52002,1930.02002,1997.589966,5773200,0,0,3.18%,,,,,
555,2020-04-07,2017.109985,2035.719971,1997.619995,2011.599976,5114000,0,0,-0.27%,,,,,
556,2020-04-08,2021,2044,2011.150024,2043,3977300,0,0,1.09%,,,,,
557,2020-04-09,2044.300049,2053,2017.660034,2042.76001,4655600,0,0,-0.08%,,,,,
558,2020-04-13,2040,2180,2038,2168.870117,6716700,0,0,6.32%,,,,,
559,2020-04-14,2200.469971,2292,2186.209961,2283.320068,8087200,0,0,3.77%,,,,,
560,2020-04-15,2257.679932,2333.370117,2245,2307.679932,6866600,0,0,2.21%,,,,,
561,2020-04-16,2346,2461,2335,2408.189941,12038200,0,0,2.65%,,,,,
562,2020-04-17,2372.330078,2400,2316.02002,2375,7930000,0,0,0.11%,,,,,
563,2020-04-20,2389.949951,2444.97998,2386.050049,2393.610107,5770700,0,0,0.15%,,,,,
564,2020-04-21,2416.610107,2428.310059,2279.659912,2328.120117,7476700,0,0,-3.66%,,,,,
565,2020-04-22,2369,2394,2351,2363.48999,4218300,0,0,-0.23%,,,,,
566,2020-04-23,2399.97998,2424.219971,2382.080078,2399.449951,5066600,0,0,-0.02%,,,,,
567,2020-04-24,2417,2420.429932,2382,2410.219971,3831800,0,0,-0.28%,,,,,
568,2020-04-27,2443.199951,2444.879883,2363,2376,5645600,0,0,-2.75%,,,,,
569,2020-04-28,2372.100098,2373.5,2306,2314.080078,5269400,0,0,-2.45%,,,,,
570,2020-04-29,2330.01001,2391.889893,2310,2372.709961,4591600,0,0,1.83%,,,,,
571,2020-04-30,2419.840088,2475,2396.01001,2474,9534600,0,0,2.24%,,,,,
572,2020-05-01,2336.800049,2362.439941,2258.189941,2286.040039,9772600,0,0,-2.17%,,,,,
573,2020-05-04,2256.379883,2326.97998,2256.379883,2315.98999,4865900,0,0,2.64%,,,,,
574,2020-05-05,2340,2351,2307.129883,2317.800049,3242500,0,0,-0.95%,,,,,
575,2020-05-06,2329.439941,2357.449951,2320,2351.26001,3117800,0,0,0.94%,,,,,
576,2020-05-07,2374.780029,2376,2343.110107,2367.610107,3396400,0,0,-0.30%,,,,,
577,2020-05-08,2372.139893,2387.23999,2357,2379.610107,3211200,0,0,0.31%,,,,,
578,2020-05-11,2374.699951,2419.669922,2372.110107,2409,3259200,0,0,1.44%,,,,,
579,2020-05-12,2411.850098,2419,2355,2356.949951,3074900,0,0,-2.28%,,,,,
580,2020-05-13,2366.800049,2407.699951,2337.800049,2367.919922,4782900,0,0,0.05%,,,,,
581,2020-05-14,2361.01001,2391.370117,2353.209961,2388.850098,3648100,0,0,1.18%,,,,,
582,2020-05-15,2368.52002,2411,2356.370117,2409.780029,4235000,0,0,1.74%,,,,,
583,2020-05-18,2404.350098,2433,2384.01001,2426.26001,4366600,0,0,0.91%,,,,,
584,2020-05-19,2429.830078,2485,2428.969971,2449.330078,4320500,0,0,0.80%,,,,,
585,2020-05-20,2477.870117,2500.01001,2467.27002,2497.939941,3998100,0,0,0.81%,,,,,
586,2020-05-21,2500,2525.449951,2442.540039,2446.73999,5114400,0,0,-2.13%,,,,,
587,2020-05-22,2455.01001,2469.850098,2430.129883,2436.879883,2867100,0,0,-0.74%,,,,,
588,2020-05-26,2458,2462,2414.060059,2421.860107,3568200,0,0,-1.47%,,,,,
589,2020-05-27,2404.98999,2413.580078,2330,2410.389893,5056900,0,0,0.22%,,,,,
590,2020-05-28,2384.330078,2436.969971,2378.22998,2401.100098,3190200,0,0,0.70%,,,,,
591,2020-05-29,2415.939941,2442.370117,2398.199951,2442.370117,3529300,0,0,1.09%,,,,,
592,2020-06-01,2448,2476.929932,2444.169922,2471.040039,2928900,0,0,0.94%,,,,,
593,2020-06-02,2467,2473.530029,2445.310059,2472.409912,2529900,0,0,0.22%,,,,,
594,2020-06-03,2468.01001,2488,2461.169922,2478.399902,2671000,0,0,0.42%,,,,,
595,2020-06-04,2477.429932,2507.540039,2450.01001,2460.600098,2948700,0,0,-0.68%,,,,,
596,2020-06-05,2444.51001,2488.649902,2437.129883,2483,3306400,0,0,1.57%,,,,,
597,2020-06-08,2500.199951,2530,2487.340088,2524.060059,3970700,0,0,0.95%,,,,,
598,2020-06-09,2529.439941,2626.429932,2525,2600.860107,5176000,0,0,2.82%,,,,,
599,2020-06-10,2645,2722.350098,2626.26001,2647.449951,4946000,0,0,0.09%,,,,,
600,2020-06-11,2603.5,2671.379883,2536.22998,2557.959961,5800100,0,0,-1.75%,,,,,
601,2020-06-12,2601.209961,2621.47998,2503.350098,2545.02002,5429600,0,0,-2.16%,,,,,
602,2020-06-15,2526.600098,2584,2508,2572.679932,3865100,0,0,1.82%,,,,,
603,2020-06-16,2620,2620,2576,2615.27002,3585600,0,0,-0.18%,,,,,
604,2020-06-17,2647.5,2655,2631.820068,2640.97998,2951100,0,0,-0.25%,,,,,
605,2020-06-18,2647.01001,2659.639893,2636.110107,2653.97998,2487800,0,0,0.26%,,,,,
606,2020-06-19,2678.080078,2697.429932,2659,2675.01001,5777000,0,0,-0.11%,,,,,
607,2020-06-22,2684.5,2715,2669,2713.820068,3208800,0,0,1.09%,,,,,
608,2020-06-23,2726.02002,2783.110107,2718.040039,2764.409912,4231700,0,0,1.41%,,,,,
609,2020-06-24,2780,2796,2721,2734.399902,4526600,0,0,-1.64%,,,,,
610,2020-06-25,2739.550049,2756.22998,2712.139893,2754.580078,2968700,0,0,0.55%,,,,,
611,2020-06-26,2775.060059,2782.570068,2688,2692.870117,6500800,0,0,-2.96%,,,,,
612,2020-06-29,2690.01001,2696.800049,2630.080078,2680.379883,4223400,0,0,-0.36%,,,,,
613,2020-06-30,2685.070068,2769.629883,2675.030029,2758.820068,3769700,0,0,2.75%,,,,,
614,2020-07-01,2757.98999,2895,2754,2878.699951,6363400,0,0,4.38%,,,,,
615,2020-07-02,2912.01001,2955.560059,2871.100098,2890.300049,6593400,0,0,-0.75%,,,,,
616,2020-07-06,2934.969971,3059.879883,2930,3057.040039,6880600,0,0,4.16%,,,,,
617,2020-07-07,3058.550049,3069.550049,2990,3000.120117,5257500,0,0,-1.91%,,,,,
618,2020-07-08,3022.610107,3083.969971,3012.429932,3081.110107,5037600,0,0,1.94%,,,,,
619,2020-07-09,3115.98999,3193.879883,3074,3182.629883,6388700,0,0,2.14%,,,,,
620,2020-07-10,3191.76001,3215,3135.699951,3200,5486000,0,0,0.26%,,,,,
621,2020-07-13,3251.060059,3344.290039,3068.389893,3104,7720400,0,0,-4.52%,,,,,
622,2020-07-14,3089,3127.379883,2950,3084,7231900,0,0,-0.16%,,,,,
623,2020-07-15,3080.22998,3098.350098,2973.179932,3008.870117,5788900,0,0,-2.32%,,,,,
624,2020-07-16,2971.060059,3032,2918.22998,2999.899902,6394200,0,0,0.97%,,,,,
625,2020-07-17,3009,3024,2948.449951,2961.969971,4761300,0,0,-1.56%,,,,,
626,2020-07-20,3000.199951,3201.360107,2994.02002,3196.840088,7598200,0,0,6.55%,,,,,
627,2020-07-21,3232.48999,3240.580078,3105.719971,3138.290039,6135000,0,0,-2.91%,,,,,
628,2020-07-22,3125,3150,3065.26001,3099.909912,4104200,0,0,-0.80%,,,,,
629,2020-07-23,3098.27002,3098.27002,2970,2986.550049,5656900,0,0,-3.61%,,,,,
630,2020-07-24,2930,3031.580078,2888,3008.909912,5625900,0,0,2.69%,,,,,
631,2020-07-27,3062,3098,3015.77002,3055.209961,4170500,0,0,-0.22%,,,,,
632,2020-07-28,3054.27002,3077.090088,2995.76001,3000.330078,3126700,0,0,-1.77%,,,,,
633,2020-07-29,3030.98999,3039.159912,2996.77002,3033.530029,2974100,0,0,0.08%,,,,,
634,2020-07-30,3014,3092,3005,3051.879883,6128300,0,0,1.26%,,,,,
635,2020-07-31,3244,3246.820068,3151,3164.679932,8085500,0,0,-2.45%,,,,,
636,2020-08-03,3180.51001,3184,3104,3111.889893,5074700,0,0,-2.16%,,,,,
637,2020-08-04,3101.209961,3167.23999,3101.209961,3138.830078,4694300,0,0,1.21%,,,,,
638,2020-08-05,3143.77002,3213.590088,3127.300049,3205.030029,3930000,0,0,1.95%,,,,,
639,2020-08-06,3194.360107,3247.469971,3165.429932,3225,3940600,0,0,0.96%,,,,,
640,2020-08-07,3224.01001,3240.810059,3140.669922,3167.459961,3929600,0,0,-1.75%,,,,,
641,2020-08-10,3170.310059,3172.51001,3101.52002,3148.159912,3167300,0,0,-0.70%,,,,,
642,2020-08-11,3113.199951,3159.219971,3073,3080.669922,3718100,0,0,-1.04%,,,,,
643,2020-08-12,3108,3174.389893,3101.419922,3162.23999,3527200,0,0,1.75%,,,,,
644,2020-08-13,3182.98999,3217.52002,3155,3161.02002,3149000,0,0,-0.69%,,,,,
645,2020-08-14,3178.179932,3178.23999,3120,3148.02002,2751700,0,0,-0.95%,,,,,
646,2020-08-17,3173.120117,3194.969971,3154.179932,3182.409912,2691200,0,0,0.29%,,,,,
647,2020-08-18,3212,3320,3205.820068,3312.48999,5346000,0,0,3.13%,,,,,
648,2020-08-19,3303.01001,3315.899902,3256,3260.47998,4185100,0,0,-1.29%,,,,,
649,2020-08-20,3252,3312.620117,3238,3297.370117,3332500,0,0,1.40%,,,,,
650,2020-08-21,3295,3314.399902,3275.389893,3284.719971,3575900,0,0,-0.31%,,,,,
651,2020-08-24,3310.149902,3380.320068,3257.560059,3307.459961,4666300,0,0,-0.08%,,,,,
652,2020-08-25,3294.98999,3357.399902,3267,3346.48999,3992800,0,0,1.56%,,,,,
653,2020-08-26,3351.110107,3451.73999,3344.570068,3441.850098,6508700,0,0,2.71%,,,,,
654,2020-08-27,3450.050049,3453,3378,3400,4264800,0,0,-1.45%,,,,,
655,2020-08-28,3423,3433.370117,3386.5,3401.800049,2897000,0,0,-0.62%,,,,,
656,2020-08-31,3408.98999,3495,3405,3450.959961,4185900,0,0,1.23%,,,,,
657,2020-09-01,3489.580078,3513.870117,3467,3499.120117,3476400,0,0,0.27%,,,,,
658,2020-09-02,3547,3552.25,3486.689941,3531.449951,3931500,0,0,-0.44%,,,,,
659,2020-09-03,3485,3488.409912,3303,3368,8161100,0,0,-3.36%,,,,,
660,2020-09-04,3318,3381.5,3111.129883,3294.620117,8781800,0,0,-0.70%,,,,,
661,2020-09-08,3144,3250.850098,3130,3149.840088,6094200,0,0,0.19%,,,,,
662,2020-09-09,3202.98999,3303.179932,3185,3268.610107,5188700,0,0,2.05%,,,,,
663,2020-09-10,3307.219971,3349.889893,3170.550049,3175.110107,5330700,0,0,-3.99%,,,,,
664,2020-09-11,3208.689941,3217.340088,3083.97998,3116.219971,5094000,0,0,-2.88%,,,,,
665,2020-09-14,3172.939941,3187.389893,3096,3102.969971,4529600,0,0,-2.21%,,,,,
666,2020-09-15,3136.159912,3175.02002,3108.919922,3156.129883,4021500,0,0,0.64%,,,,,
667,2020-09-16,3179.98999,3187.23999,3074.149902,3078.100098,4512200,0,0,-3.20%,,,,,
668,2020-09-17,3009.25,3029.429932,2972.550049,3008.72998,6449100,0,0,-0.02%,,,,,
669,2020-09-18,3031.73999,3037.800049,2905.540039,2954.909912,8892600,0,0,-2.53%,,,,,
670,2020-09-21,2906.5,2962,2871,2960.469971,6117900,0,0,1.86%,,,,,
671,2020-09-22,3033.840088,3133.98999,3000.199951,3128.98999,6948800,0,0,3.14%,,,,,
672,2020-09-23,3120.429932,3127,2992.379883,2999.860107,5652700,0,0,-3.86%,,,,,
673,2020-09-24,2977.790039,3069.300049,2965,3019.790039,5529400,0,0,1.41%,,,,,
674,2020-09-25,3054.860107,3101.540039,2999,3095.129883,4615200,0,0,1.32%,,,,,
675,2020-09-28,3148.850098,3175.040039,3117.169922,3174.050049,4224200,0,0,0.80%,,,,,
676,2020-09-29,3175.389893,3188.26001,3132.540039,3144.879883,3495800,0,0,-0.96%,,,,,
677,2020-09-30,3141.139893,3212.879883,3133.98999,3148.72998,4883400,0,0,0.24%,,,,,
678,2020-10-01,3208,3224,3172,3221.26001,4971900,0,0,0.41%,,,,,
679,2020-10-02,3153.629883,3195.800049,3123,3125,5613100,0,0,-0.91%,,,,,
680,2020-10-05,3145.840088,3202.530029,3140.850098,3199.199951,3775300,0,0,1.70%,,,,,
681,2020-10-06,3165,3182,3090,3099.959961,5086900,0,0,-2.05%,,,,,
682,2020-10-07,3135,3200,3132.389893,3195.689941,4309400,0,0,1.94%,,,,,
683,2020-10-08,3224.98999,3233.290039,3174.98999,3190.550049,3174100,0,0,-1.07%,,,,,
684,2020-10-09,3210,3288.98999,3197.830078,3286.649902,4907900,0,0,2.39%,,,,,
685,2020-10-12,3349.939941,3496.23999,3339.550049,3442.929932,8364200,0,0,2.78%,,,,,
686,2020-10-13,3467.98999,3492.379883,3424.219971,3443.629883,5744700,0,0,-0.70%,,,,,
687,2020-10-14,3447,3464.879883,3340,3363.709961,5828900,0,0,-2.42%,,,,,
688,2020-10-15,3292.01001,3355.879883,3280,3338.649902,5223400,0,0,1.42%,,,,,
689,2020-10-16,3363.22998,3399.659912,3160,3272.709961,6474400,0,0,-2.69%,,,,,
690,2020-10-19,3299.610107,3329,3192.73999,3207.209961,5223600,0,0,-2.80%,,,,,
691,2020-10-20,3222.280029,3266,3192.01001,3217.01001,4509700,0,0,-0.16%,,,,,
692,2020-10-21,3212.5,3233.879883,3160,3184.939941,4592700,0,0,-0.86%,,,,,
693,2020-10-22,3189.870117,3198.75,3121.939941,3176.399902,4212000,0,0,-0.42%,,,,,
694,2020-10-23,3191,3205.330078,3140,3204.399902,3466700,0,0,0.42%,,,,,
695,2020-10-26,3198.73999,3282.97998,3153.300049,3207.040039,5901200,0,0,0.26%,,,,,
696,2020-10-27,3224.939941,3291.659912,3211.300049,3286.330078,4291000,0,0,1.90%,,,,,
697,2020-10-28,3249.300049,3264.02002,3162.469971,3162.780029,5588300,0,0,-2.66%,,,,,
698,2020-10-29,3201.27002,3257.25,3164,3211.01001,6596500,0,0,0.30%,,,,,
699,2020-10-30,3157.75,3167,3019,3036.149902,8386400,0,0,-3.85%,,,,,
700,2020-11-02,3061.73999,3079.709961,2950.120117,3004.47998,7257400,0,0,-1.87%,,,,,
701,2020-11-03,3018.530029,3074.899902,2980.97998,3048.409912,4897900,0,0,0.99%,,,,,
702,2020-11-04,3159.98999,3244.850098,3139.72998,3241.159912,6839000,0,0,2.57%,,,,,
703,2020-11-05,3319.969971,3366.800049,3288.879883,3322,5789300,0,0,0.06%,,,,,
704,2020-11-06,3304.639893,3322,3232,3311.370117,4647300,0,0,0.20%,,,,,
705,2020-11-09,3231.030029,3289,3112.110107,3143.73999,7190400,0,0,-2.70%,,,,,
706,2020-11-10,3095.02002,3114,3019.47998,3035.02002,6591000,0,0,-1.94%,,,,,
707,2020-11-11,3061.780029,3139.149902,3050,3137.389893,4366900,0,0,2.47%,,,,,
708,2020-11-12,3159.949951,3175.879883,3086.050049,3110.280029,4362000,0,0,-1.57%,,,,,
709,2020-11-13,3122,3141.719971,3085.389893,3128.810059,3756200,0,0,0.22%,,,,,
710,2020-11-16,3093.199951,3142.699951,3072.689941,3131.060059,3808700,0,0,1.22%,,,,,
711,2020-11-17,3183.540039,3189.25,3135.26001,3135.659912,3444700,0,0,-1.50%,,,,,
712,2020-11-18,3134,3140,3105.100098,3105.459961,2916800,0,0,-0.91%,,,,,
713,2020-11-19,3105.310059,3125,3080.919922,3117.02002,3010300,0,0,0.38%,,,,,
714,2020-11-20,3117.02002,3132.889893,3098.050049,3099.399902,3374400,0,0,-0.57%,,,,,
715,2020-11-23,3116.699951,3139.75,3065.459961,3098.389893,4708900,0,0,-0.59%,,,,,
716,2020-11-24,3100.5,3134.25,3086.26001,3118.060059,3602100,0,0,0.57%,,,,,
717,2020-11-25,3141.870117,3198,3140.26001,3185.070068,3790400,0,0,1.37%,,,,,
718,2020-11-27,3211.26001,3216.189941,3190.050049,3195.340088,2392900,0,0,-0.50%,,,,,
719,2020-11-30,3208.47998,3228.389893,3125.550049,3168.040039,4063900,0,0,-1.26%,,,,,
720,2020-12-01,3188.5,3248.949951,3157.179932,3220.080078,4544400,0,0,0.99%,,,,,
721,2020-12-02,3221.649902,3232,3173.26001,3203.530029,3129300,0,0,-0.56%,,,,,
722,2020-12-03,3205.459961,3228.639893,3181.310059,3186.72998,2892000,0,0,-0.58%,,,,,
723,2020-12-04,3198.209961,3198.209961,3158.76001,3162.580078,2913600,0,0,-1.11%,,,,,
724,2020-12-07,3156.47998,3180.76001,3141.689941,3158,2751300,0,0,0.05%,,,,,
725,2020-12-08,3158.899902,3184.129883,3120.02002,3177.290039,3286300,0,0,0.58%,,,,,
726,2020-12-09,3167.889893,3174.429932,3088,3104.199951,4100800,0,0,-2.01%,,,,,
727,2020-12-10,3088.98999,3142.100098,3076,3101.48999,3030200,0,0,0.40%,,,,,
728,2020-12-11,3096.659912,3118.669922,3072.820068,3116.419922,3064700,0,0,0.64%,,,,,
729,2020-12-14,3143,3190.469971,3126,3156.969971,4155800,0,0,0.44%,,,,,
730,2020-12-15,3181.01001,3188.5,3130.48999,3165.120117,3323700,0,0,-0.50%,,,,,
731,2020-12-16,3176.01001,3247,3163.679932,3240.959961,4427600,0,0,2.05%,,,,,
732,2020-12-17,3250,3263.51001,3221,3236.080078,3474300,0,0,-0.43%,,,,,
733,2020-12-18,3243.98999,3249.419922,3171.600098,3201.649902,5995700,0,0,-1.31%,,,,,
734,2020-12-21,3200.01001,3226.969971,3166,3206.179932,3836800,0,0,0.19%,,,,,
735,2020-12-22,3202.840088,3222,3180.080078,3206.52002,2369400,0,0,0.11%,,,,,
736,2020-12-23,3205,3210.129883,3184.169922,3185.27002,2093800,0,0,-0.62%,,,,,
737,2020-12-24,3193.899902,3202,3169,3172.689941,1451900,0,0,-0.66%,,,,,
738,2020-12-28,3194,3304,3172.689941,3283.959961,5686800,0,0,2.82%,,,,,
739,2020-12-29,3309.939941,3350.649902,3281.219971,3322,4872900,0,0,0.36%,,,,,
740,2020-12-30,3341,3342.100098,3282.469971,3285.850098,3209300,0,0,-1.65%,,,,,
741,2020-12-31,3275,3282.919922,3241.199951,3256.929932,2954100,0,0,-0.55%,,,,,
742,2021-01-04,3270,3272,3144.02002,3186.629883,4411400,0,0,-2.55%,,,,,
743,2021-01-05,3166.01001,3223.379883,3165.060059,3218.51001,2655500,0,0,1.66%,,,,,
744,2021-01-06,3146.47998,3197.51001,3131.159912,3138.379883,4394800,0,0,-0.26%,,,,,
745,2021-01-07,3157,3208.540039,3155,3162.159912,3514500,0,0,0.16%,,,,,
746,2021-01-08,3180,3190.639893,3142.199951,3182.699951,3537700,0,0,0.08%,,,,,
747,2021-01-11,3148.01001,3156.379883,3110,3114.209961,3683400,0,0,-1.07%,,,,,
748,2021-01-12,3120,3142.139893,3086,3120.830078,3514600,0,0,0.03%,,,,,
749,2021-01-13,3128.439941,3189.949951,3122.080078,3165.889893,3321200,0,0,1.20%,,,,,
750,2021-01-14,3167.52002,3178,3120.590088,3127.469971,3070900,0,0,-1.26%,,,,,
751,2021-01-15,3123.02002,3142.550049,3095.169922,3104.25,4244000,0,0,-0.60%,,,,,
752,2021-01-19,3107,3145,3096,3120.76001,3305100,0,0,0.44%,,,,,
753,2021-01-20,3181.98999,3279.800049,3175,3263.379883,5309800,0,0,2.56%,,,,,
754,2021-01-21,3293,3348.550049,3289.570068,3306.98999,4945100,0,0,0.42%,,,,,
755,2021-01-22,3304.310059,3321.909912,3283.159912,3292.22998,2816300,0,0,-0.37%,,,,,
