,Date,Open,High,Low,Close,Volume,Dividends,Stock Splits,Difference
0,2018-01-22,37.95000076,38.09000015,36.43999863,37.38000107,4012700,0,0,-1.50%
1,2018-01-23,36.90000153,37.29000092,35.84999847,36.63999939,3696100,0,0,-0.70%
2,2018-01-24,36,36.43999863,34.58000183,34.86999893,4772200,0,0,-3.14%
3,2018-01-25,34.43000031,34.72999954,31.09000015,31.68000031,7258700,0,0,-7.99%
4,2018-01-26,31.5,35.09999847,30.72999954,35.09000015,8208400,0,0,11.40%
5,2018-01-29,35.61999893,35.63000107,32.08000183,33.09999847,5264500,0,0,-7.07%
6,2018-01-30,31.86000061,32.75,30.34000015,30.47999954,7042200,0,0,-4.33%
7,2018-01-31,30.85000038,32.27999878,29.87999916,31.02000046,5756400,0,0,0.55%
8,2018-02-01,30.88999939,31.77000046,27,27.54999924,9444200,0,0,-10.81%
9,2018-02-02,26.70000076,26.75,23.29000092,24.11000061,12169700,0,0,-9.70%
10,2018-02-05,21.51000023,27.64999962,20.85000038,24.20999908,12608100,0,0,12.55%
11,2018-02-06,24.95999908,28.85000038,24.79999924,28.79999924,9828300,0,0,15.38%
12,2018-02-07,30.76000023,31.35000038,26.65999985,27.62000084,10058400,0,0,-10.21%
13,2018-02-08,28.06999969,28.94000053,26.30999947,27.14999962,4615700,0,0,-3.28%
14,2018-02-09,27.21999931,28.38999939,25.22999954,28.17000008,6876500,0,0,3.49%
15,2018-02-12,28.18000031,29.5,26.54999924,26.89999962,5096800,0,0,-4.54%
16,2018-02-13,27.10000038,27.46999931,26.12000084,26.71999931,2828200,0,0,-1.40%
17,2018-02-14,28.19000053,28.5,27.12000084,27.14999962,5538000,0,0,-3.69%
18,2018-02-15,27.69000053,28.18000031,27.20000076,27.98999977,2984100,0,0,1.08%
19,2018-02-16,26.90999985,28.03000069,26.43000031,26.5,3969000,0,0,-1.52%
20,2018-02-20,27.37999916,30,27.01000023,29.60000038,8067800,0,0,8.11%
21,2018-02-21,29.60000038,29.87999916,28.12000084,28.73999977,4656200,0,0,-2.91%
22,2018-02-22,28.75,29.36000061,28.26000023,28.43000031,2556500,0,0,-1.11%
23,2018-02-23,28.75,28.75,27.70999908,27.88999939,2195600,0,0,-2.99%
24,2018-02-26,28.38999939,28.38999939,27.05999947,27.28000069,2395000,0,0,-3.91%
25,2018-02-27,27.14999962,27.21999931,25.61000061,26.45000076,4513600,0,0,-2.58%
26,2018-02-28,26.14999962,27.77000046,25.68000031,27.35000038,4236300,0,0,4.59%
27,2018-03-01,27.69000053,29.96999931,26.98999977,29.95999908,6818700,0,0,8.20%
28,2018-03-02,29.28000069,29.90999985,28.62999916,28.98999977,5144600,0,0,-0.99%
29,2018-03-05,29.20000076,32.61999893,29.11000061,32.36999893,8941200,0,0,10.86%
30,2018-03-06,33.65999985,34.54999924,32.61999893,32.93000031,9396500,0,0,-2.17%
31,2018-03-07,32.38000107,33.63999939,31.19000053,31.42000008,5520700,0,0,-2.96%
32,2018-03-08,32,32.54999924,30.62999916,31.80999947,4749400,0,0,-0.59%
33,2018-03-09,32.09999847,32.31000137,30.80999947,30.95000076,4182100,0,0,-3.58%
34,2018-03-12,31.21999931,32.50999832,30.10000038,32.49000168,4936200,0,0,4.07%
35,2018-03-13,32.11999893,32.49000168,31.62000084,31.94000053,4498300,0,0,-0.56%
36,2018-03-14,31.5,31.84000015,30.92000008,31.10000038,2841000,0,0,-1.27%
37,2018-03-15,31.07999992,31.97999954,30.70000076,31.20999908,3975400,0,0,0.42%
38,2018-03-16,31.09000015,33.06000137,30.86000061,32.52000046,9814000,0,0,4.60%
39,2018-03-19,32.70000076,33.90999985,32.59000015,33.68000031,5777800,0,0,3.00%
40,2018-03-20,33.84999847,34.25,32.77000046,32.95999908,4091000,0,0,-2.63%
41,2018-03-21,32.81000137,33.68999863,32.43999863,33.11000061,2939100,0,0,0.91%
42,2018-03-22,32.79000092,32.93999863,31.34000015,31.69000053,4001600,0,0,-3.35%
43,2018-03-23,33.56000137,34.15000153,32.84999847,33.40999985,7043400,0,0,-0.45%
44,2018-03-26,34.00999832,34.5,33.34999847,34.18000031,5112400,0,0,0.50%
45,2018-03-27,34.25,34.70999908,32.83000183,33.31000137,4877000,0,0,-2.74%
46,2018-03-28,33,33.27000046,31.37000084,32.25,5396800,0,0,-2.27%
47,2018-03-29,32.29999924,34.20999908,31.95000076,33.65999985,5261700,0,0,4.21%
48,2018-04-02,32.79000092,33.24000168,31.5,32.00999832,5266100,0,0,-2.38%
49,2018-04-03,32.20999908,33.02000046,27.53000069,27.98999977,10178100,0,0,-13.10%
50,2018-04-04,27.30999947,28.79999924,25.35000038,27.63999939,13509100,0,0,1.21%
51,2018-04-05,28.35000038,29.04999924,27.22999954,28.48999977,7526800,0,0,0.49%
52,2018-04-06,28.01000023,28.17000008,26.72999954,27.69000053,5612700,0,0,-1.14%
53,2018-04-09,28.04999924,28.17000008,25.63999939,25.73999977,5809100,0,0,-8.24%
54,2018-04-10,25.5,28,23.87999916,27.51000023,11355900,0,0,7.88%
55,2018-04-11,27.52000046,28.45999908,26.87000084,27.65999985,5355200,0,0,0.51%
56,2018-04-12,28.11000061,28.37999916,27.47999954,27.67000008,2740300,0,0,-1.57%
57,2018-04-13,27.89999962,30.64999962,27.46999931,29.84000015,6777900,0,0,6.95%
58,2018-04-16,31.04000092,31.45999908,30.45000076,30.89999962,4953300,0,0,-0.45%
59,2018-04-17,30.85000038,31.29000092,29.54999924,29.86000061,3543700,0,0,-3.21%
60,2018-04-18,30.01000023,30.92000008,29.59000015,30.60000038,3139400,0,0,1.97%
61,2018-04-19,30.31999969,30.62000084,29.63999939,30.25,3397900,0,0,-0.23%
62,2018-04-20,30.22999954,30.87999916,29.88999939,30.01000023,3025100,0,0,-0.73%
63,2018-04-23,29.79999924,30.27000046,27.95999908,28.14999962,4210300,0,0,-5.54%
64,2018-04-24,28.07999992,28.87999916,27.73999977,28.23999977,2598400,0,0,0.57%
65,2018-04-25,28.26000023,28.39999962,27.04999924,27.25,2544600,0,0,-3.57%
66,2018-04-26,27.54000092,27.82999992,27.03000069,27.23999977,1780800,0,0,-1.09%
67,2018-04-27,27.45999908,27.48999977,27,27.34000015,1142600,0,0,-0.44%
68,2018-04-30,27.79000092,30.12000084,27.5,30.11000061,4341600,0,0,8.35%
69,2018-05-01,29.62000084,29.94000053,29.04999924,29.48999977,2512700,0,0,-0.44%
70,2018-05-02,29.37999916,30.70000076,28.76000023,29.67000008,3592100,0,0,0.99%
71,2018-05-03,29.01000023,30.39999962,29.01000023,29.95999908,2796100,0,0,3.27%
72,2018-05-04,30.09000015,30.59000015,29.72999954,29.96999931,2366100,0,0,-0.40%
73,2018-05-07,30.28000069,30.92000008,30.12999916,30.25,2903000,0,0,-0.10%
74,2018-05-08,30.30999947,30.79000092,29.5,29.62999916,3048200,0,0,-2.24%
75,2018-05-09,29.75,30.21999931,29.56999969,29.87000084,1982600,0,0,0.40%
76,2018-05-10,30.18000031,30.18000031,29.63999939,29.75,1380600,0,0,-1.42%
77,2018-05-11,29.85000038,30.54999924,29.64999962,30.29999924,1820800,0,0,1.51%
78,2018-05-14,31.77000046,33.33000183,31.70999908,32.38000107,6968300,0,0,1.92%
79,2018-05-15,32.50999832,32.77999878,31.94000053,32.50999832,3356100,0,0,0.00%
80,2018-05-16,32.5,32.86000061,32.00999832,32.00999832,2076600,0,0,-1.51%
81,2018-05-17,32,33.65000153,31.40999985,33.13999939,5279400,0,0,3.56%
82,2018-05-18,33.27000046,36.08000183,33.02000046,36.04000092,6417800,0,0,8.33%
83,2018-05-22,37.90000153,39.5,36.79000092,39.43999863,7385300,0,0,4.06%
84,2018-05-23,38.5,39.41999817,37.75999832,38.75999832,6617100,0,0,0.68%
85,2018-05-24,39.90000153,40,36.24000168,36.34999847,7374300,0,0,-8.90%
86,2018-05-25,36.50999832,37.27000046,34.65999985,35,5860300,0,0,-4.14%
87,2018-05-28,34.93999863,36.81999969,33.75999832,36.61999893,4463700,0,0,4.81%
88,2018-05-29,35.90000153,37.75,35.43000031,36.56000137,5711300,0,0,1.84%
89,2018-05-30,37,37.38999939,36.29999924,37.06999969,3707200,0,0,0.19%
90,2018-05-31,37.33000183,37.58000183,36.45999908,36.74000168,3398500,0,0,-1.58%
91,2018-06-01,37,37.97999954,36.70999908,37.70000076,3516000,0,0,1.89%
92,2018-06-04,37.90000153,39.75,37.77999878,39.54000092,5992700,0,0,4.33%
93,2018-06-05,39.68999863,41.40000153,37.95000076,39.61999893,9968800,0,0,-0.18%
94,2018-06-06,40.38000107,41,39.40000153,40.68000031,6268600,0,0,0.74%
95,2018-06-07,40.95000076,41.11999893,38.38000107,39.27999878,7086700,0,0,-4.08%
96,2018-06-08,38,39.47000122,37.11000061,39.31999969,7156300,0,0,3.47%
97,2018-06-11,39.25,39.25,38.22999954,38.34000015,2966400,0,0,-2.32%
98,2018-06-12,38,39.20000076,37.54999924,38.56999969,3719400,0,0,1.50%
99,2018-06-13,38.70999908,39.90000153,38.41999817,39.86000061,3977300,0,0,2.97%
100,2018-06-14,39.20000076,39.75,38.47999954,38.54000092,3349300,0,0,-1.68%
101,2018-06-15,38.79999924,39.43999863,38.52000046,39.38999939,2880300,0,0,1.52%
102,2018-06-18,39.20000076,40.88000107,38.97000122,40.65000153,4454900,0,0,3.70%
103,2018-06-19,40.25,43.65000153,40.20999908,42.52999878,9309900,0,0,5.66%
104,2018-06-20,44.63000107,45.43999863,41.75,45.36000061,13372000,0,0,1.64%
105,2018-06-21,45.38999939,48.40999985,44.70000076,47.75999832,12577800,0,0,5.22%
106,2018-06-22,47.88999939,48.72000122,43.40000153,43.43000031,12945200,0,0,-9.31%
107,2018-06-25,43.08000183,44.88999939,41.08000183,41.45999908,8167700,0,0,-3.76%
108,2018-06-26,41.02000046,42.06999969,39.90000153,41.08000183,7152900,0,0,0.15%
109,2018-06-27,39.49000168,40.47000122,36.33000183,36.93000031,10334200,0,0,-6.48%
110,2018-06-28,36.5,40.59999847,36.16999817,40.50999832,10918400,0,0,10.99%
111,2018-06-29,40.75999832,41,37.68000031,38.41999817,8952500,0,0,-5.74%
112,2018-07-03,39.59999847,39.90999985,38.24000168,38.40000153,3893000,0,0,-3.03%
113,2018-07-04,38.24000168,39.02000046,37.86999893,38.65000153,1756100,0,0,1.07%
114,2018-07-05,39.65000153,40.20000076,38.93000031,39.70000076,4030100,0,0,0.13%
115,2018-07-06,39.40000153,39.75,38.93999863,39.36999893,2200400,0,0,-0.08%
116,2018-07-09,39.45000076,39.65999985,38.61000061,38.68999863,1971700,0,0,-1.93%
117,2018-07-10,38.75999832,38.86999893,37.88000107,38.09999847,2382900,0,0,-1.70%
118,2018-07-11,37.84999847,39.40000153,37.20000076,38.93999863,4444500,0,0,2.88%
119,2018-07-12,39.95000076,40.06000137,38.79999924,38.84999847,3397200,0,0,-2.75%
120,2018-07-13,38.84999847,38.95000076,37.5,37.77000046,3487700,0,0,-2.78%
121,2018-07-16,37.59999847,37.72000122,35.47000122,36.25,4333300,0,0,-3.59%
122,2018-07-17,36.02000046,36.09999847,34.70000076,34.79999924,4683300,0,0,-3.39%
123,2018-07-18,34.77999878,35.77000046,33.33000183,34.97999954,5172300,0,0,0.58%
124,2018-07-19,34.74000168,35.29999924,33.56999969,33.70999908,3156100,0,0,-2.96%
125,2018-07-20,33.33000183,34.15000153,31.80999947,31.85000038,6487600,0,0,-4.44%
126,2018-07-23,32.15000153,34.56000137,32.13999939,33.75999832,5478300,0,0,5.01%
127,2018-07-24,34.52000046,34.52000046,32.09000015,33.13999939,4439300,0,0,-4.00%
128,2018-07-25,33,33.84999847,32.52000046,33.31999969,2313900,0,0,0.97%
129,2018-07-26,33.15000153,33.34000015,32.5,32.79000092,1970400,0,0,-1.09%
130,2018-07-27,34.27999878,34.52999878,33.25,33.54999924,2857500,0,0,-2.13%
131,2018-07-30,34,34.81999969,33.54000092,33.97000122,2747800,0,0,-0.09%
132,2018-07-31,33.90000153,34.40999985,33.38000107,34.31999969,2475500,0,0,1.24%
133,2018-08-01,34.52000046,34.77000046,33.50999832,33.56000137,2212300,0,0,-2.78%
134,2018-08-02,33.59000015,34.56999969,32.84999847,34.40000153,2396400,0,0,2.41%
135,2018-08-03,34.38000107,34.38000107,33.52000046,33.84999847,1750300,0,0,-1.54%
136,2018-08-07,34.08000183,34.68999863,33.86999893,34.25999832,2196900,0,0,0.53%
137,2018-08-08,34.31999969,36.45000076,34.31999969,35.81000137,3536600,0,0,4.34%
138,2018-08-09,36.25999832,37.40000153,35.91999817,37.25,3442400,0,0,2.73%
139,2018-08-10,37.40000153,37.66999817,36.52000046,37,2398300,0,0,-1.07%
140,2018-08-13,37.04999924,37.25,34.65000153,35.04000092,3361200,0,0,-5.43%
141,2018-08-14,34,34.5,32.00999832,32.15000153,5075700,0,0,-5.44%
142,2018-08-15,42,43.36999893,38.16999817,42.20000076,18390300,0,0,0.48%
143,2018-08-16,42.20000076,43.34999847,40.45999908,40.68000031,8583000,0,0,-3.60%
144,2018-08-17,40,44.22999954,39.54000092,44.18000031,8420400,0,0,10.45%
145,2018-08-20,44.81000137,49.13999939,44.56999969,49.02000046,12667300,0,0,9.40%
146,2018-08-21,50.83000183,52.47999954,48.61000061,50.25999832,12062900,0,0,-1.12%
147,2018-08-22,49.5,52.5,47.77000046,52.09999847,10547000,0,0,5.25%
148,2018-08-23,52.40000153,55.91999817,51.04999924,54.29999924,11232000,0,0,3.63%
149,2018-08-24,55.52999878,59.79999924,55.00999832,58.61999893,14694000,0,0,5.56%
150,2018-08-27,62.31000137,62.79000092,58.49000168,60,12584600,0,0,-3.71%
151,2018-08-28,56.75,57.84000015,53.13000107,55.90000153,12932700,0,0,-1.50%
152,2018-08-29,57.52999878,59.77000046,56.09000015,59.77000046,10153900,0,0,3.89%
153,2018-08-30,58.15000153,59.83000183,56.00999832,57.68000031,9987800,0,0,-0.81%
154,2018-08-31,57.97999954,60.63000107,57.79999924,59.63999939,8365000,0,0,2.86%
155,2018-09-04,62,69.19999695,61.18999863,68.83000183,13774400,0,0,11.02%
156,2018-09-05,73.18000031,74.44999695,64.19999695,68.47000122,20022700,0,0,-6.44%
157,2018-09-06,66.23999786,67.5,63.02999878,66.51999664,8981300,0,0,0.42%
158,2018-09-07,65.58999634,69.30999756,64.19999695,67.73999786,7010600,0,0,3.28%
159,2018-09-10,68.80000305,70.18000031,67.41999817,68.62000275,5765700,0,0,-0.26%
160,2018-09-11,68.5,68.58999634,65.54000092,66.91000366,5503200,0,0,-2.32%
161,2018-09-12,65.90000153,67.90000153,63.36000061,66.30999756,5867000,0,0,0.62%
162,2018-09-13,66.09999847,66.87999725,56.90000153,57.27999878,8762600,0,0,-13.34%
163,2018-09-14,52.81000137,62.06000137,52.79999924,61.52000046,9709000,0,0,16.49%
164,2018-09-17,63.95000076,65.25,60.54999924,63.22999954,5757000,0,0,-1.13%
165,2018-09-18,64.94000244,68,63.75999832,67.33000183,6687800,0,0,3.68%
166,2018-09-19,70.41000366,72,59.70000076,63.45999908,11693300,0,0,-9.87%
167,2018-09-20,64.98999786,67.56999969,62.56999969,67.56999969,5434300,0,0,3.97%
168,2018-09-21,65.48999786,66.65000153,63.84999847,64.45999908,3951700,0,0,-1.57%
169,2018-09-24,62.63999939,68.54000092,62.02000046,67.94999695,4581500,0,0,8.48%
170,2018-09-25,69.94000244,71.18000031,68.11000061,68.25,5474000,0,0,-2.42%
171,2018-09-26,68.68000031,69.41000366,66.26999664,67.63999939,5097100,0,0,-1.51%
172,2018-09-27,66.51000214,66.63999939,63.79999924,64.30000305,6171200,0,0,-3.32%
173,2018-09-28,63,66.19000244,62.75,62.75,3519800,0,0,-0.40%
174,2018-10-01,64.25,65.5,62.00999832,62.59999847,2821500,0,0,-2.57%
175,2018-10-02,62.50999832,63.33000183,57.59999847,58.54999924,3370000,0,0,-6.33%
176,2018-10-03,59.79999924,63.31999969,58.97999954,63.31999969,3179100,0,0,5.89%
177,2018-10-04,63.88000107,64.62999725,61.34000015,62.47999954,3414300,0,0,-2.19%
178,2018-10-05,62.49000168,63.84999847,60.13999939,61.49000168,2559000,0,0,-1.60%
179,2018-10-09,65,65.13999939,62.59999847,63.09000015,2895800,0,0,-2.94%
180,2018-10-10,62.86000061,64.98999786,60.54999924,62.75999832,3386900,0,0,-0.16%
181,2018-10-11,61.36999893,62.97999954,60.65999985,61.29000092,2968400,0,0,-0.13%
182,2018-10-12,62.41999817,65.12000275,62.18999863,64.90000153,3760000,0,0,3.97%
183,2018-10-15,65.66000366,74,65.52999878,73.75,7647400,0,0,12.32%
184,2018-10-16,76,76.68000031,66.30999756,68.69999695,8690100,0,0,-9.61%
185,2018-10-17,65.25,68.69999695,62.77999878,65.76000214,5957100,0,0,0.78%
186,2018-10-18,65.52999878,68.30000305,63.41999817,63.93999863,3424800,0,0,-2.43%
187,2018-10-19,65.19999695,66.98999786,59.61000061,61.29999924,5218300,0,0,-5.98%
188,2018-10-22,61.00999832,62.75999832,51.99000168,54.45999908,7166000,0,0,-10.74%
189,2018-10-23,48.65000153,55.43000031,48.11999893,53.63000107,8142000,0,0,10.24%
190,2018-10-24,55.20000076,55.65000153,49.08000183,49.54000092,4500200,0,0,-10.25%
191,2018-10-25,49,53.65000153,48.93999863,51.52999878,4147600,0,0,5.16%
192,2018-10-26,50.63999939,52.79000092,49.25,50.63000107,3113900,0,0,-0.02%
193,2018-10-29,51.40000153,52,42.5,43.47999954,5494000,0,0,-15.41%
194,2018-10-30,42,45.84999847,41.79999924,44.41999817,6205500,0,0,5.76%
195,2018-10-31,46.36999893,49.16999817,45.45999908,48.43000031,4925300,0,0,4.44%
196,2018-11-01,48.93000031,50.06000137,46.88999939,48.45999908,4031400,0,0,-0.96%
197,2018-11-02,49.02000046,50,47.02999878,48.91999817,3026700,0,0,-0.20%
198,2018-11-05,48.95999908,52.77999878,47.59000015,52.52999878,4749100,0,0,7.29%
199,2018-11-06,52.88000107,57.74000168,51.43999863,56.13999939,16835000,0,0,6.16%
200,2018-11-07,58.15000153,61.25,54.09000015,60.61000061,8056400,0,0,4.23%
201,2018-11-08,58.20999908,59.20000076,55.27000046,56,5178800,0,0,-3.80%
202,2018-11-09,54.5,54.5,51.15000153,51.49000168,4933900,0,0,-5.52%
203,2018-11-12,52.43000031,53.5,49.40000153,51.88999939,3285300,0,0,-1.03%
204,2018-11-13,50.74000168,52.97000122,50.65999985,50.88999939,3271800,0,0,0.30%
205,2018-11-14,46.72999954,49.11000061,42.5,45.13999939,7302700,0,0,-3.40%
206,2018-11-15,45,48.77999878,43.84999847,46.43999863,5207200,0,0,3.20%
207,2018-11-16,46.02000046,47.59999847,45.45000076,46.31999969,3062100,0,0,0.65%
208,2018-11-19,45.97999954,46.34999847,42.54000092,43.09999847,3428500,0,0,-6.26%
209,2018-11-20,40.20000076,44.40000153,40,42.52000046,4932600,0,0,5.77%
210,2018-11-21,43.58000183,45.93999863,43.58000183,44.63999939,3012100,0,0,2.43%
211,2018-11-22,44.79999924,44.83000183,43.20000076,44.29999924,1076900,0,0,-1.12%
212,2018-11-23,43.81999969,46.09999847,43.81999969,44.36999893,1932600,0,0,1.26%
213,2018-11-26,45.45000076,45.75,41.59999847,41.70999908,2743800,0,0,-8.23%
214,2018-11-27,41.79000092,43.20000076,41.08000183,42.13999939,2614100,0,0,0.84%
215,2018-11-28,42.97999954,45.09999847,42.97999954,45.09999847,3222300,0,0,4.93%
216,2018-11-29,44.70999908,45.27999878,42.97999954,44.20000076,2879300,0,0,-1.14%
217,2018-11-30,44.00999832,45.15000153,43.08000183,45.15000153,2530900,0,0,2.59%
218,2018-12-03,45.54000092,46.41999817,42.65999985,44.06999969,4067500,0,0,-3.23%
219,2018-12-04,43.33000183,43.75999832,41.36000061,41.72000122,2939400,0,0,-3.72%
220,2018-12-05,41.11000061,42.84000015,36.36000061,37.50999832,4528100,0,0,-8.76%
221,2018-12-06,38.49000168,41.02999878,37.65999985,40.34999847,5258000,0,0,4.83%
222,2018-12-07,42.90000153,43.29999924,40.97000122,41.75,3815300,0,0,-2.68%
223,2018-12-10,41.99000168,42.93999863,40.45000076,41.70000076,2552000,0,0,-0.69%
224,2018-12-11,42.36999893,44.68999863,41.75999832,44.29999924,3545200,0,0,4.56%
225,2018-12-12,44.86000061,44.88999939,42.72999954,42.84000015,2575700,0,0,-4.50%
226,2018-12-13,43.52999878,43.66999817,40.79999924,41.09999847,2383100,0,0,-5.58%
227,2018-12-14,40.61000061,42.90999985,39.79999924,41.47000122,2466800,0,0,2.12%
228,2018-12-17,40.84999847,41.90000153,39,39.29000092,2174400,0,0,-3.82%
229,2018-12-18,40,40.36000061,38.13000107,39.49000168,2274200,0,0,-1.27%
230,2018-12-19,39.34999847,40.13999939,37.65000153,37.79999924,2219800,0,0,-3.94%
231,2018-12-20,37.45999908,38.79999924,36.22000122,37.27999878,2581000,0,0,-0.48%
232,2018-12-21,38.25,38.43999863,35.04999924,36,2935300,0,0,-5.88%
233,2018-12-24,34.65000153,37.43999863,34.36000061,36.34000015,1856500,0,0,4.88%
234,2018-12-27,37.09999847,37.59999847,34.97000122,36.45000076,1863400,0,0,-1.75%
235,2018-12-28,36.91999817,38.22999954,35.75,37.25,2276600,0,0,0.89%
236,2018-12-31,37.52999878,37.84999847,36.18999863,36.61000061,1354900,0,0,-2.45%
237,2019-01-02,36,39.84000015,35.84000015,39.27999878,2309700,0,0,9.11%
238,2019-01-03,38.95999908,39.54000092,37.75999832,37.75999832,2017800,0,0,-3.08%
239,2019-01-04,38.47000122,38.91999817,37.66999817,37.93999863,1703300,0,0,-1.38%
240,2019-01-07,38.13999939,39.5,37.72999954,38.29999924,1742000,0,0,0.42%
241,2019-01-08,38.99000168,39.50999832,37.27000046,39.27000046,2257300,0,0,0.72%
242,2019-01-09,40.20000076,44.70000076,39.70000076,44.5,5304100,0,0,10.70%
243,2019-01-10,45.61999893,50.34000015,44.02999878,49.81999969,8258800,0,0,9.21%
244,2019-01-11,49.20999908,53.16999817,48.52999878,50.77999878,6258900,0,0,3.19%
245,2019-01-14,50.52999878,57.79000092,48.90999985,56.45000076,9155900,0,0,11.72%
246,2019-01-15,57.25,59.50999832,54.20999908,54.90000153,8684800,0,0,-4.10%
247,2019-01-16,55,56.54999924,53.74000168,55.68000031,3941900,0,0,1.24%
248,2019-01-17,54.88999939,58.93999863,54.33000183,56.97000122,5485000,0,0,3.79%
249,2019-01-18,58.29999924,59.95000076,57.22000122,57.79999924,4646000,0,0,-0.86%
250,2019-01-21,58.34999847,58.38999939,56.59999847,57.45000076,1548700,0,0,-1.54%
251,2019-01-22,57.95999908,59.47999954,57.11000061,58.25,4086500,0,0,0.50%
252,2019-01-23,58.59000015,59.59000015,56.84000015,58.15000153,3293800,0,0,-0.75%
253,2019-01-24,57.50999832,59.06000137,57.45999908,59.02000046,2847100,0,0,2.63%
254,2019-01-25,61.31000137,64.91000366,60.65000153,64.09999847,7179800,0,0,4.55%
255,2019-01-28,63.54000092,67.62000275,63.13000107,67.22000122,6209100,0,0,5.79%
256,2019-01-29,66.61000061,67.44000244,61.20999908,62.54000092,5301200,0,0,-6.11%
257,2019-01-30,62.77999878,65.26999664,61.83000183,63.09000015,3973900,0,0,0.49%
258,2019-01-31,63.61000061,64.91000366,62.70000076,64.41999817,3055800,0,0,1.27%
259,2019-02-01,64.94999695,66.16999817,63.83000183,63.90000153,3424900,0,0,-1.62%
260,2019-02-04,64.5,67.98999786,64.19000244,65.30000305,4464300,0,0,1.24%
261,2019-02-05,64.69999695,65.51999664,62.50999832,63.75999832,2720600,0,0,-1.45%
262,2019-02-06,62.11000061,62.79000092,58.88000107,61.38000107,3094400,0,0,-1.18%
263,2019-02-07,59.65999985,63.5,59.54999924,62.34999847,2344100,0,0,4.51%
264,2019-02-08,61.66999817,62.29999924,60.04000092,60.22999954,1743300,0,0,-2.34%
265,2019-02-11,60.77999878,60.84000015,56,57.18000031,2973000,0,0,-5.92%
266,2019-02-12,55.79000092,59.47000122,55.22999954,58.31999969,2724900,0,0,4.53%
267,2019-02-13,59.40000153,61.84999847,59.06000137,61.09999847,2736800,0,0,2.86%
268,2019-02-14,62.36000061,62.63000107,59.61999893,61.27999878,2704600,0,0,-1.73%
269,2019-02-15,64.73000336,66.01999664,61.68999863,62.81000137,4837900,0,0,-2.97%
270,2019-02-19,61.65000153,62.29999924,60.54999924,61.08000183,3308600,0,0,-0.92%
271,2019-02-20,61.00999832,62.24000168,60.36000061,60.79999924,2984800,0,0,-0.34%
272,2019-02-21,59.5,60.54000092,59.09999847,59.40999985,2485900,0,0,-0.15%
273,2019-02-22,60,60.33000183,58.02999878,58.50999832,2831300,0,0,-2.48%
274,2019-02-25,58.24000168,58.5,56.49000168,57.79999924,2038600,0,0,-0.76%
275,2019-02-26,57.52999878,60.95000076,57.25999832,60.79999924,2661200,0,0,5.68%
276,2019-02-27,60.90000153,61.11999893,59.34000015,60.16999817,2115600,0,0,-1.20%
277,2019-02-28,61.88999939,63.25,61.70999908,62.38000107,4139200,0,0,0.79%
278,2019-03-01,63.29000092,63.65000153,62.06000137,62.52999878,2091700,0,0,-1.20%
279,2019-03-04,63.20000076,63.59000015,60.84999847,62.38999939,2540400,0,0,-1.28%
280,2019-03-05,61.50999832,64.31999969,61.50999832,64.05999756,2823200,0,0,4.15%
281,2019-03-06,63.47999954,65.41000366,61.75,61.90999985,3208300,0,0,-2.47%
282,2019-03-07,61.90999985,61.97000122,59.70000076,60.61000061,2322300,0,0,-2.10%
283,2019-03-08,59,61.09999847,58.65999985,60.81000137,1733200,0,0,3.07%
284,2019-03-11,60.99000168,61.88999939,60.16999817,61.47999954,1476900,0,0,0.80%
285,2019-03-12,61.27999878,64.19000244,61.18999863,62.36000061,3067200,0,0,1.76%
286,2019-03-13,63.54000092,63.97999954,60.95999908,61.36999893,2655700,0,0,-3.42%
287,2019-03-14,61.34999847,61.93999863,59.90000153,60.59000015,2559100,0,0,-1.24%
288,2019-03-15,60.97999954,61.24000168,60.15000153,60.86999893,2241900,0,0,-0.18%
289,2019-03-18,61.09000015,62.16999817,60.24000168,61,2439000,0,0,-0.15%
290,2019-03-19,61.34999847,62,60.5,61.34999847,2229500,0,0,0.00%
291,2019-03-20,61.31999969,64.76000214,60.86000061,62.29999924,5244000,0,0,1.60%
292,2019-03-21,62.88999939,63.84999847,61.13000107,61.5,2484600,0,0,-2.21%
293,2019-03-22,61.34000015,61.81000137,59.5,59.54000092,2788500,0,0,-2.93%
294,2019-03-25,60.20000076,60.70000076,58.24000168,59.13999939,3031800,0,0,-1.76%
295,2019-03-26,59.70999908,59.86999893,58.5,59.72999954,1572400,0,0,0.03%
296,2019-03-27,59.45999908,60.06000137,56.54000092,57.49000168,2389100,0,0,-3.31%
297,2019-03-28,56.77000046,57.83000183,54.47999954,56.88999939,2004700,0,0,0.21%
298,2019-03-29,56.99000168,58.15999985,56.29999924,57.81999969,1431700,0,0,1.46%
299,2019-04-01,58.09999847,58.20000076,56.40000153,56.75999832,2134000,0,0,-2.31%
300,2019-04-02,56.5,57.59999847,56.00999832,57.59999847,1233900,0,0,1.95%
301,2019-04-03,57.40000153,58.68999863,57.04000092,58.27999878,2035300,0,0,1.53%
302,2019-04-04,58.11999893,58.97000122,57.20999908,57.72000122,1360600,0,0,-0.69%
303,2019-04-05,58.38000107,58.54000092,57.77999878,58,1169800,0,0,-0.65%
304,2019-04-08,57.27000046,57.84999847,56.33000183,56.90000153,1140500,0,0,-0.65%
305,2019-04-09,56.20000076,56.86999893,54.86999893,55.70000076,1563600,0,0,-0.89%
306,2019-04-10,55.06000137,56.77000046,55.06000137,56.18000031,1131600,0,0,2.03%
307,2019-04-11,56.09999847,56.41999817,53.04999924,53.45000076,2292900,0,0,-4.72%
308,2019-04-12,55.09999847,56.81999969,55.04000092,56.31000137,2915600,0,0,2.20%
309,2019-04-15,55.74000168,55.99000168,54,54.40000153,1803700,0,0,-2.40%
310,2019-04-16,54.65000153,57.72000122,54.65000153,55.54999924,2844400,0,0,1.65%
311,2019-04-17,57.40000153,57.75,55.95000076,57.11000061,10020000,0,0,-0.51%
312,2019-04-18,61.65999985,63.84999847,59.13999939,59.63999939,5259900,0,0,-3.28%
313,2019-04-22,61.25999832,64.98999786,60.25,64.37000275,4572100,0,0,5.08%
314,2019-04-23,64.66000366,65.27999878,62.81000137,63.56000137,3779100,0,0,-1.70%
315,2019-04-24,63.5,65.58000183,62.70000076,65.20999908,2705300,0,0,2.69%
316,2019-04-25,65,65.48999786,64.09999847,65.05999756,1528600,0,0,0.09%
317,2019-04-26,64.90000153,67.87999725,64.76999664,67.13999939,3389000,0,0,3.45%
318,2019-04-29,67,70.70999908,66.05999756,69.90000153,4425600,0,0,4.33%
319,2019-04-30,69.97000122,70.98000336,67.51999664,67.66999817,2515600,0,0,-3.29%
320,2019-05-01,67.91999817,69.30000305,67.27999878,68.19000244,2156800,0,0,0.40%
321,2019-05-02,67.80000305,68.19000244,63.63999939,65.22000122,3390500,0,0,-3.81%
322,2019-05-03,66.08999634,66.5,65.25,65.83000183,1426100,0,0,-0.39%
323,2019-05-06,63.68999863,66.19999695,63.38000107,66.15000153,1189100,0,0,3.86%
324,2019-05-07,65.5,65.86000061,63.63000107,64.02999878,1742900,0,0,-2.24%
325,2019-05-08,64.04000092,65.29000092,63.65000153,64.55000305,1316100,0,0,0.80%
326,2019-05-09,64.30000305,64.69999695,62.29000092,63.04999924,1589500,0,0,-1.94%
327,2019-05-10,62.75,63.72999954,61.63000107,63.68999863,1771600,0,0,1.50%
328,2019-05-13,62.36000061,63,58.86999893,58.88000107,2760600,0,0,-5.58%
329,2019-05-14,60.25999832,61.65000153,60.11000061,60.95000076,1655400,0,0,1.15%
330,2019-05-15,60.99000168,61.72000122,59.56999969,61.00999832,1634100,0,0,0.03%
331,2019-05-16,61.52999878,61.68000031,60.38999939,60.68999863,1440300,0,0,-1.37%
332,2019-05-17,60.33000183,61.20000076,59.65000153,60.04000092,2018000,0,0,-0.48%
333,2019-05-21,59.5,60.34999847,58.93000031,60.31999969,1430900,0,0,1.38%
334,2019-05-22,60.29999924,62.93000031,59.75,61.81999969,1830700,0,0,2.52%
335,2019-05-23,61.15000153,61.52999878,59.34000015,60.02000046,1757600,0,0,-1.85%
336,2019-05-24,60.25,60.74000168,59.56000137,59.70000076,1039600,0,0,-0.91%
337,2019-05-27,60,60.45999908,59.84999847,60.29999924,412900,0,0,0.50%
338,2019-05-28,59.79999924,61.65000153,59.79999924,60.22999954,1221400,0,0,0.72%
339,2019-05-29,59.72999954,59.74000168,57.02999878,57.18999863,2504600,0,0,-4.25%
340,2019-05-30,57.43999863,58.68000031,56.86000061,56.95000076,1454200,0,0,-0.85%
341,2019-05-31,56.09999847,56.18000031,54.08000183,54.47999954,2219700,0,0,-2.89%
342,2019-06-03,54.38999939,55.06000137,51.61000061,51.97999954,3115600,0,0,-4.43%
343,2019-06-04,53.15999985,55,52.65999985,55,2132200,0,0,3.46%
344,2019-06-05,56,56.08000183,53.38000107,54.75,1769800,0,0,-2.23%
345,2019-06-06,55.18000031,55.79999924,53.63999939,55.25999832,1289800,0,0,0.14%
346,2019-06-07,55.25999832,56.47999954,55.15000153,56.11000061,1637800,0,0,1.54%
347,2019-06-10,56.88999939,58.41999817,56.50999832,58.06000137,1671400,0,0,2.06%
348,2019-06-11,58.59999847,58.61999893,56.31999969,57.09999847,1429400,0,0,-2.56%
349,2019-06-12,56.11999893,57.13999939,55.25,57.04000092,1177200,0,0,1.64%
350,2019-06-13,56.90000153,57.59000015,55.36000061,55.70999908,1649500,0,0,-2.09%
351,2019-06-14,55.20000076,55.72999954,54.08000183,55.25999832,1178200,0,0,0.11%
352,2019-06-17,55.45999908,56.27999878,54.84999847,56.04999924,1328000,0,0,1.06%
353,2019-06-18,56.50999832,57.11999893,56.02000046,56.36000061,1382800,0,0,-0.27%
354,2019-06-19,56.43999863,57.5,56.06000137,56.84999847,1780800,0,0,0.73%
355,2019-06-20,57.47999954,57.84999847,56.04000092,57.66999817,1854800,0,0,0.33%
356,2019-06-21,54,55.54000092,52.5,53.27999878,5551700,0,0,-1.33%
357,2019-06-24,53.20999908,53.59999847,50.75999832,53.52999878,2437300,0,0,0.60%
358,2019-06-25,53.02000046,53.38999939,52.31999969,52.45000076,1191600,0,0,-1.08%
359,2019-06-26,52.34999847,52.36000061,51.18000031,52.08000183,1797200,0,0,-0.52%
360,2019-06-27,52.09999847,53.88000107,51.84999847,53.36000061,2131600,0,0,2.42%
361,2019-06-28,54.11999893,54.25,52.58000183,52.86999893,1745000,0,0,-2.31%
362,2019-07-02,52.81000137,53,51.86999893,52.49000168,1060200,0,0,-0.61%
363,2019-07-03,50.25,53.75999832,49.72000122,53.52000046,3250000,0,0,6.51%
364,2019-07-04,53,53.99000168,52.77999878,53.06999969,677800,0,0,0.13%
365,2019-07-05,52.79999924,53.22000122,52.22000122,52.63000107,1069200,0,0,-0.32%
366,2019-07-08,52.09999847,52.25,51.04999924,51.63999939,1459100,0,0,-0.88%
367,2019-07-09,51.09000015,51.77000046,50.02999878,51.36999893,1719900,0,0,0.55%
368,2019-07-10,51.34999847,51.88000107,50.56000137,50.56000137,1077800,0,0,-1.54%
369,2019-07-11,50.25,50.74000168,47.97000122,48.45000076,3062100,0,0,-3.58%
370,2019-07-12,47.31000137,47.63000107,44.36000061,44.58000183,4254900,0,0,-5.77%
371,2019-07-15,44.5,46.72000122,43.50999832,45.81999969,2668100,0,0,2.97%
372,2019-07-16,46,47.22000122,45.38000107,46.56000137,2162500,0,0,1.22%
373,2019-07-17,47.09000015,47.93999863,46.70000076,47.68999863,1756000,0,0,1.27%
374,2019-07-18,47.5,47.68000031,46.40999985,46.61000061,1206100,0,0,-1.87%
375,2019-07-19,46.81000137,47.29999924,46.22999954,46.31999969,1002000,0,0,-1.05%
376,2019-07-22,46.27999878,46.45000076,45.13999939,45.68999863,1301100,0,0,-1.27%
377,2019-07-23,45.68999863,46.77000046,45.31999969,46.63000107,1032000,0,0,2.06%
378,2019-07-24,46.09999847,47,45.83000183,46.54999924,982800,0,0,0.98%
379,2019-07-25,46.29000092,47.70999908,46,46.18000031,1089300,0,0,-0.24%
380,2019-07-26,46.13000107,46.75999832,45.56999969,45.90000153,931100,0,0,-0.50%
381,2019-07-29,45.75999832,45.93999863,43.25,44.11999893,2464700,0,0,-3.58%
382,2019-07-30,43.22000122,44.91999817,42.56000137,43.84999847,1488400,0,0,1.46%
383,2019-07-31,43.61999893,44.5,43.04000092,43.27000046,1177100,0,0,-0.80%
384,2019-08-01,43.13000107,43.18000031,40.88999939,41.34000015,1619400,0,0,-4.15%
385,2019-08-02,42.27000046,43.31999969,41.81999969,43.22000122,2213300,0,0,2.25%
386,2019-08-06,42.61999893,44.09000015,42.15999985,43.04999924,1695000,0,0,1.01%
387,2019-08-07,43,43.06000137,42.13000107,42.75,1320800,0,0,-0.58%
388,2019-08-08,44,44.38999939,43.02000046,43.45000076,1246500,0,0,-1.25%
389,2019-08-09,43.11000061,43.54000092,42.11999893,43.38999939,1038800,0,0,0.65%
390,2019-08-12,42.72999954,43.59000015,42.72999954,43.49000168,1279800,0,0,1.78%
391,2019-08-13,43.59999847,45.43000031,43.34000015,45.16999817,1518600,0,0,3.60%
392,2019-08-14,43.77999878,44.20999908,41.68999863,42.56999969,2301600,0,0,-2.76%
393,2019-08-15,38.20000076,39.43000031,35.86000061,36.40999985,4835800,0,0,-4.69%
394,2019-08-16,36.81999969,38.02000046,36.47000122,37.25,1903700,0,0,1.17%
395,2019-08-19,37.49000168,37.5,35.15000153,35.65999985,2096700,0,0,-4.88%
396,2019-08-20,36,36.97000122,35.75999832,36.06999969,1466100,0,0,0.19%
397,2019-08-21,36.25999832,36.75999832,35.09999847,35.34999847,1328900,0,0,-2.51%
398,2019-08-22,35.47000122,35.77999878,33.36999893,33.5,2029400,0,0,-5.55%
399,2019-08-23,33.09999847,34.70000076,32.47000122,33.15000153,2672700,0,0,0.15%
400,2019-08-26,33.70999908,33.86999893,32.47000122,33.15999985,2594200,0,0,-1.63%
401,2019-08-27,33.5,33.56000137,31.03000069,31.18000031,2280300,0,0,-6.93%
402,2019-08-28,30.97999954,32.40999985,30.29999924,32.15999985,3067800,0,0,3.81%
403,2019-08-29,32.47999954,32.90000153,31.87999916,31.96999931,1823000,0,0,-1.57%
404,2019-08-30,32.15999985,32.83000183,31.28000069,31.45999908,1617000,0,0,-2.18%
405,2019-09-03,31.29000092,33.31000137,31,33.22999954,1829000,0,0,6.20%
406,2019-09-04,33.36999893,33.88000107,31.79999924,32.54000092,2411900,0,0,-2.49%
407,2019-09-05,32.99000168,35.13000107,32.66999817,34.93999863,2243000,0,0,5.91%
408,2019-09-06,35.36999893,37.06999969,34.61000061,36.45000076,3382600,0,0,3.05%
409,2019-09-09,37.09999847,37.38999939,35.29999924,35.70000076,1780900,0,0,-3.77%
410,2019-09-10,35.72000122,36.24000168,34.75,36.06999969,1209100,0,0,0.98%
411,2019-09-11,36,36.72000122,35.50999832,36.11999893,1269000,0,0,0.33%
412,2019-09-12,35.41999817,35.95000076,35.04000092,35.06999969,1028900,0,0,-0.99%
413,2019-09-13,35.45000076,36.47999954,35.15999985,36.40000153,1158400,0,0,2.68%
414,2019-09-16,36.29000092,38.09999847,36.06000137,36.90999985,2182500,0,0,1.71%
415,2019-09-17,37.27999878,38,36.83000183,37.5,1424700,0,0,0.59%
416,2019-09-18,37.63999939,38.33000183,37.45000076,38.25,1347800,0,0,1.62%
417,2019-09-19,38,38.13999939,34.83000183,34.91999817,2246700,0,0,-8.11%
418,2019-09-20,34.74000168,35.09999847,33.20999908,33.59999847,4477000,0,0,-3.28%
419,2019-09-23,33.49000168,34.56000137,33.20000076,33.93000031,1091400,0,0,1.31%
420,2019-09-24,33.93999863,34.00999832,31.62000084,31.79000092,1718600,0,0,-6.33%
421,2019-09-25,31.85000038,32.77999878,30.68000031,32.68999863,1668100,0,0,2.64%
422,2019-09-26,33.5,33.59999847,31.96999931,32.84999847,1267900,0,0,-1.94%
423,2019-09-27,31.75,33.22999954,31.39999962,31.55999947,2058700,0,0,-0.60%
424,2019-09-30,31.45000076,31.5,29.65999985,30.35000038,1502700,0,0,-3.50%
425,2019-10-01,30,30.44000053,28.67000008,28.85000038,1620100,0,0,-3.83%
426,2019-10-02,28.30999947,30.04999924,27.25,29.32999992,2972700,0,0,3.60%
427,2019-10-03,29.26000023,31.22999954,28.70000076,31.13999939,2416400,0,0,6.43%
428,2019-10-04,31.29999924,31.60000038,30.29999924,30.51000023,1183000,0,0,-2.52%
429,2019-10-07,30.04999924,30.19000053,29.13999939,29.51000023,1247700,0,0,-1.80%
430,2019-10-08,29.20999908,30.75,28.47999954,30.26000023,1920900,0,0,3.59%
431,2019-10-09,30.25,30.84000015,29.79999924,30.45000076,1061500,0,0,0.66%
432,2019-10-10,29.39999962,29.68000031,27.12999916,27.15999985,2517000,0,0,-7.62%
433,2019-10-11,26.48999977,27.59000015,25.42000008,25.67000008,3223900,0,0,-3.10%
434,2019-10-15,25.40999985,26.98999977,25.19000053,26.53000069,2482400,0,0,4.41%
435,2019-10-16,26.65999985,26.67000008,25.31999969,26.02000046,1534200,0,0,-2.40%
436,2019-10-17,27.25,27.45999908,26.12000084,27.30999947,1743400,0,0,0.22%
437,2019-10-18,27.37000084,27.48999977,25.78000069,26.56999969,1741700,0,0,-2.92%
438,2019-10-21,26.54000092,26.94000053,25.82999992,26.56999969,1354900,0,0,0.11%
439,2019-10-22,26.51000023,27.70999908,26.29999924,27.62000084,1826100,0,0,4.19%
440,2019-10-23,27.47999954,28.62999916,27.12000084,28.30999947,2170600,0,0,3.02%
441,2019-10-24,28.45000076,28.81999969,27.94000053,28.34000015,1009600,0,0,-0.39%
442,2019-10-25,28.06999969,29.14999962,27.86000061,28.53000069,924600,0,0,1.64%
443,2019-10-28,28.88999939,29.34000015,28.21999931,28.23999977,842800,0,0,-2.25%
444,2019-10-29,27.89999962,27.94000053,26.89999962,26.92000008,896100,0,0,-3.51%
445,2019-10-30,26.85000038,27.45999908,26.39999962,26.52000046,836500,0,0,-1.23%
446,2019-10-31,26.27000046,26.43000031,25.55999947,26.32999992,1189900,0,0,0.23%
447,2019-11-01,26.10000038,26.60000038,25.72999954,25.89999962,1080100,0,0,-0.77%
448,2019-11-04,25.89999962,26.72999954,25.67000008,26.51000023,1142000,0,0,2.36%
449,2019-11-05,26.5,26.95000076,26.11000061,26.17000008,1211000,0,0,-1.25%
450,2019-11-06,26.05999947,26.59000015,25.52000046,25.62000084,1159300,0,0,-1.69%
451,2019-11-07,26.17000008,26.25,25.05999947,25.12999916,1290000,0,0,-3.97%
452,2019-11-08,25.12999916,28.69000053,25,28.31999969,3203000,0,0,12.69%
453,2019-11-11,27.75,28,26.61000061,26.85000038,1377300,0,0,-3.24%
454,2019-11-12,26.79999924,27.20000076,25.20999908,25.42000008,1857700,0,0,-5.15%
455,2019-11-13,25.25,25.68000031,24.40999985,24.45000076,1678400,0,0,-3.17%
456,2019-11-14,21.75,22.05999947,20.14999962,20.95999908,5528700,0,0,-3.63%
457,2019-11-15,20.07999992,20.98999977,20.07999992,20.29000092,2077400,0,0,1.05%
458,2019-11-18,20,20.11000061,18.72999954,18.78000069,4004200,0,0,-6.10%
459,2019-11-19,18.22999954,20.67000008,18.22999954,20.30999947,3406100,0,0,11.41%
460,2019-11-20,21.36000061,24.5,21.21999931,23.48999977,6736700,0,0,9.97%
461,2019-11-21,25.65999985,28.61000061,24.59000015,27.03000069,11037500,0,0,5.34%
462,2019-11-22,26,26.25,23.96999931,24.46999931,4301100,0,0,-5.88%
463,2019-11-25,25.45000076,26.29999924,24.15999985,24.5,3368400,0,0,-3.73%
464,2019-11-26,24,25.32999992,23.45000076,24.05999947,3177300,0,0,0.25%
465,2019-11-27,24.31999969,25.04999924,23.98999977,25,2132600,0,0,2.80%
466,2019-11-28,25.20999908,26.07999992,25.06999969,25.54000092,1762800,0,0,1.31%
467,2019-11-29,25.55999947,25.56999969,24.39999962,24.51000023,1704800,0,0,-4.11%
468,2019-12-02,24.47999954,24.67000008,23.63999939,24.10000038,1401100,0,0,-1.55%
469,2019-12-03,23.46999931,25.31999969,23.42000008,25.18000031,2638500,0,0,7.29%
470,2019-12-04,25.45999908,25.45999908,24.20999908,24.25,1964100,0,0,-4.75%
471,2019-12-05,24.46999931,24.88999939,24.01000023,24.51000023,1562100,0,0,0.16%
472,2019-12-06,24.71999931,24.92000008,24.44000053,24.71999931,1013200,0,0,0.00%
473,2019-12-09,25.47999954,28.42000008,25.44000053,28.17000008,6437400,0,0,10.56%
474,2019-12-10,28.44000053,28.70000076,26.25,26.60000038,4031000,0,0,-6.47%
475,2019-12-11,26.79000092,27.45999908,26.53000069,26.67000008,1758800,0,0,-0.45%
476,2019-12-12,27.17000008,27.95000076,26.70999908,27.85000038,2448300,0,0,2.50%
477,2019-12-13,28.32999992,29.32999992,27.21999931,27.28000069,4530800,0,0,-3.71%
478,2019-12-16,27.12000084,27.78000069,26.67000008,26.79000092,1675200,0,0,-1.22%
479,2019-12-17,26.70000076,27.37999916,26.46999931,27.18000031,1981000,0,0,1.80%
480,2019-12-18,27.10000038,27.20000076,25.60000038,25.87000084,2196700,0,0,-4.54%
481,2019-12-19,25.95000076,26.70999908,25.52000046,26.35000038,2075200,0,0,1.54%
482,2019-12-20,26.26000023,26.70000076,25.88999939,26.35000038,2136100,0,0,0.34%
483,2019-12-23,26.13999939,26.61000061,25.62000084,25.94000053,1524400,0,0,-0.77%
484,2019-12-24,25.85000038,26.29999924,25.29999924,26.27000046,1019100,0,0,1.62%
485,2019-12-27,25.51000023,25.64999962,24.88999939,25.11000061,1774800,0,0,-1.57%
486,2019-12-30,24.95000076,25.21999931,24.13999939,24.51000023,1425400,0,0,-1.76%
487,2019-12-31,24.19000053,27.78000069,24.07999992,27.30999947,3676000,0,0,12.90%
488,2020-01-02,28,28.06999969,25.82999992,26.12999916,3017100,0,0,-6.68%
489,2020-01-03,25.75,26.72999954,25.5,25.82999992,1879500,0,0,0.31%
490,2020-01-06,25.85000038,26.29000092,25.28000069,26.02000046,1364900,0,0,0.66%
491,2020-01-07,26.43000031,26.56999969,25.53000069,25.73999977,1519700,0,0,-2.61%
492,2020-01-08,25.67000008,26.81999969,24.79999924,26.22999954,2813000,0,0,2.18%
493,2020-01-09,26.39999962,27.5,25.81999969,27.20999908,2950800,0,0,3.07%
494,2020-01-10,27.04000092,27.71999931,26.54000092,26.80999947,2385600,0,0,-0.85%
495,2020-01-13,26.81999969,30.28000069,26.28000069,30.12000084,5951600,0,0,12.30%
496,2020-01-14,29.63999939,31.88999939,28.53000069,31.13999939,7049000,0,0,5.06%
497,2020-01-15,31.54999924,33.86000061,30.79999924,32.45999908,7736200,0,0,2.88%
498,2020-01-16,33,33.75,31.37000084,31.67000008,4534200,0,0,-4.03%
499,2020-01-17,31.39999962,32.97999954,30.86000061,32.56999969,4189600,0,0,3.73%
500,2020-01-20,32.31999969,33.59999847,32.11999893,32.90000153,1852600,0,0,1.79%
501,2020-01-21,32.90000153,33.45999908,31.20999908,31.62000084,3301500,0,0,-3.89%
502,2020-01-22,31.79999924,32.40999985,31.01000023,31.70999908,2683700,0,0,-0.28%
503,2020-01-23,31.63999939,32.86999893,31.25,32.22000122,2448500,0,0,1.83%
504,2020-01-24,32.52999878,32.75,29.64999962,29.76000023,3678100,0,0,-8.52%
505,2020-01-27,28.40999985,29.37999916,28.13999939,28.38999939,2477100,0,0,-0.07%
506,2020-01-28,29.84000015,31.5,29.40999985,31.45000076,3497600,0,0,5.40%
507,2020-01-29,31.89999962,32.18999863,30.63999939,31.03000069,2668400,0,0,-2.73%
508,2020-01-30,30.59000015,31.65999985,30.51000023,30.79999924,1820300,0,0,0.69%
509,2020-01-31,30.95000076,31.05999947,29.20000076,29.79999924,2121300,0,0,-3.72%
510,2020-02-03,29.88999939,30.37000084,28.93000031,29.37000084,1490400,0,0,-1.74%
511,2020-02-04,29.70999908,30.40999985,29.38999939,29.70999908,1993400,0,0,0.00%
512,2020-02-05,30.10000038,30.14999962,28.55999947,28.77000046,1984900,0,0,-4.42%
513,2020-02-06,28.75,29.30999947,28.05999947,28.14999962,1603500,0,0,-2.09%
514,2020-02-07,26.75,27.43000031,25.70999908,26.12000084,2434200,0,0,-2.36%
515,2020-02-10,26.10000038,26.29999924,25.12999916,25.37999916,1451400,0,0,-2.76%
516,2020-02-11,25.19000053,27.26000023,24.79999924,26.45999908,2503500,0,0,5.04%
517,2020-02-12,26.61000061,26.93000031,25.64999962,26.02000046,1712700,0,0,-2.22%
518,2020-02-13,25.71999931,27.04999924,25.54999924,25.87999916,2634000,0,0,0.62%
519,2020-02-14,30.64999962,31.63999939,28.81999969,29.97999954,6122700,0,0,-2.19%
520,2020-02-18,29.72999954,30.35000038,29.01000023,29.07999992,2198900,0,0,-2.19%
521,2020-02-19,29.10000038,29.48999977,28.56999969,28.78000069,2233400,0,0,-1.10%
522,2020-02-20,28.72999954,30.73999977,28.69000053,29.59000015,3628100,0,0,2.99%
523,2020-02-21,29.60000038,29.62000084,28.81999969,28.90999985,1589200,0,0,-2.33%
524,2020-02-24,27.03000069,28.04000092,26.78000069,26.97999954,2380900,0,0,-0.18%
525,2020-02-25,27.07999992,27.45999908,25.79999924,26.04000092,2667200,0,0,-3.84%
526,2020-02-26,25.85000038,27.11000061,25.85000038,26.39999962,2164100,0,0,2.13%
527,2020-02-27,25.70999908,25.98999977,23.79999924,25.44000053,2429700,0,0,-1.05%
528,2020-02-28,24.17000008,25.19000053,23.52000046,25.17000008,3308400,0,0,4.14%
529,2020-03-02,25.42000008,25.42000008,24.17000008,24.79000092,2129700,0,0,-2.48%
530,2020-03-03,24.71999931,24.95000076,22.79999924,23.20000076,2280200,0,0,-6.15%
531,2020-03-04,23.94000053,24.87999916,23.37000084,23.77000046,2305700,0,0,-0.71%
532,2020-03-05,22.48999977,23.54000092,22.06999969,22.45000076,2720000,0,0,-0.18%
533,2020-03-06,21.53000069,22.12999916,20.05999947,20.46999931,2884200,0,0,-4.92%
534,2020-03-09,17.54999924,19.60000038,17.45999908,18.04999924,3469900,0,0,2.85%
535,2020-03-10,19,20.04999924,18.56999969,19.45000076,3829500,0,0,2.37%
536,2020-03-11,19.04999924,19.79999924,17.97999954,18.32999992,2564200,0,0,-3.78%
537,2020-03-12,16.5,17.20000076,15.06999969,15.19999981,4724400,0,0,-7.88%
538,2020-03-13,16.45999908,16.59000015,14.38000011,15.17000008,4315300,0,0,-7.84%
539,2020-03-16,13,15.19999981,12.96000004,14.42000008,3212600,0,0,10.92%
540,2020-03-17,14.18000031,15.18000031,13.47000027,14.57999992,3895100,0,0,2.82%
541,2020-03-18,13.67000008,14.97000027,13.13000011,14.14000034,3768600,0,0,3.44%
542,2020-03-19,14,16.5,13.57999992,15.81000042,3380400,0,0,12.93%
543,2020-03-20,16.47999954,17.92000008,16.12000084,17.02000046,5003900,0,0,3.28%
544,2020-03-23,17.38999939,18.55999947,16.54999924,18.12999916,3046600,0,0,4.26%
545,2020-03-24,19.14999962,20.17000008,18.22999954,19.10000038,3676700,0,0,-0.26%
546,2020-03-25,19.28000069,20.55999947,18.29999924,19.97999954,4137200,0,0,3.63%
547,2020-03-26,20.14999962,22.97999954,20.10000038,21.34000015,4093800,0,0,5.91%
548,2020-03-27,21,22.54000092,20.13999939,20.37999916,3034400,0,0,-2.95%
549,2020-03-30,20,20.95999908,19.04000092,20.53000069,2388300,0,0,2.65%
550,2020-03-31,20.29000092,22.15999985,20.10000038,20.45999908,2473200,0,0,0.84%
551,2020-04-01,19.89999962,20.69000053,19.17000008,19.23999977,1813100,0,0,-3.32%
552,2020-04-02,19.60000038,20.57999992,19.20999908,19.60000038,2213700,0,0,0.00%
553,2020-04-03,19.85000038,20.25,18.22999954,18.72999954,2196800,0,0,-5.64%
554,2020-04-06,19.71999931,20.45999908,19.14999962,20.26000023,2467600,0,0,2.74%
555,2020-04-07,21.25,21.69000053,20.04000092,20.25,1989500,0,0,-4.71%
556,2020-04-08,20.57999992,21.29000092,19.93000031,20.82999992,1998200,0,0,1.21%
557,2020-04-09,21.14999962,21.30999947,20.12999916,20.43000031,1922300,0,0,-3.40%
558,2020-04-13,20.5,20.56999969,19.62999916,20.05999947,1394500,0,0,-2.15%
559,2020-04-14,20.37999916,21.60000038,20.29999924,21.42000008,2360500,0,0,5.10%
560,2020-04-15,21.60000038,21.62000084,20.5,20.85000038,1641200,0,0,-3.47%
561,2020-04-16,21.20000076,21.44000053,20.09000015,20.39999962,1894300,0,0,-3.77%
562,2020-04-17,20.79000092,21.77000046,20.51000023,21.15999985,1897700,0,0,1.78%
563,2020-04-20,21,22.65999985,20.78000069,21.45999908,2608700,0,0,2.19%
564,2020-04-21,21.44000053,22,20.69000053,21.27000046,1723300,0,0,-0.79%
565,2020-04-22,21.89999962,21.89999962,21.04999924,21.36000061,1308300,0,0,-2.47%
566,2020-04-23,21.14999962,21.69000053,20.52000046,20.90999985,1595700,0,0,-1.13%
567,2020-04-24,20.95999908,21.95999908,20.54999924,21.87999916,1979100,0,0,4.39%
568,2020-04-27,22.5,24.78000069,22.32999992,24.56999969,3135700,0,0,9.20%
569,2020-04-28,25.38999939,25.43000031,23.04999924,23.43000031,2908000,0,0,-7.72%
570,2020-04-29,23.79999924,24.43000031,23.39999962,23.63999939,2082300,0,0,-0.67%
571,2020-04-30,23.30999947,23.5,22.05999947,22.20000076,1958300,0,0,-4.76%
572,2020-05-01,22.29000092,22.29000092,20.82999992,21.43000031,1794000,0,0,-3.86%
573,2020-05-04,22.89999962,22.92000008,21.57999992,22.21999931,2026500,0,0,-2.97%
574,2020-05-05,22.46999931,22.84000015,22.01000023,22.17000008,1727400,0,0,-1.34%
575,2020-05-06,22.39999962,22.43000031,21.60000038,21.79000092,1022000,0,0,-2.72%
576,2020-05-07,21.87999916,22.12000084,21.43000031,21.57999992,1277700,0,0,-1.37%
577,2020-05-08,21.79000092,21.81999969,21.17000008,21.34000015,1314800,0,0,-2.07%
578,2020-05-11,21.17000008,21.31999969,20.62000084,20.95999908,1043200,0,0,-0.99%
579,2020-05-12,21.05999947,21.89999962,20.51000023,20.72999954,1889400,0,0,-1.57%
580,2020-05-13,20.62999916,20.70000076,18.85000038,19.09000015,1766800,0,0,-7.46%
581,2020-05-14,18.56999969,19.72999954,18.34000015,19.46999931,1884900,0,0,4.85%
582,2020-05-15,20.17000008,22.55999947,19.61000061,22.32999992,3690900,0,0,10.71%
583,2020-05-19,22.89999962,24.37999916,22,24.04000092,2761700,0,0,4.98%
584,2020-05-20,24.45000076,24.71999931,23.01000023,23.54999924,1951500,0,0,-3.68%
585,2020-05-21,23.79999924,25.79999924,23.29000092,25.38999939,2913400,0,0,6.68%
586,2020-05-22,25.64999962,27.25,24.71999931,27.10000038,3265000,0,0,5.65%
587,2020-05-25,27.25,29.77000046,27.25,29.39999962,2256300,0,0,7.89%
588,2020-05-26,28.57999992,28.93000031,27.45000076,27.67000008,3498200,0,0,-3.18%
589,2020-05-27,27.82999992,28,25.59000015,27.29000092,3042900,0,0,-1.94%
590,2020-05-28,27.5,30.56999969,27.31999969,30.56999969,5060900,0,0,11.16%
591,2020-05-29,23.5,25.31999969,23.39999962,24.20999908,7219600,0,0,3.02%
592,2020-06-01,22.96999931,23.26000023,21.68000031,22.26000023,4377700,0,0,-3.09%
593,2020-06-02,22.45000076,22.76000023,21.70000076,21.78000069,2711000,0,0,-2.98%
594,2020-06-03,22.14999962,22.95000076,21.75,22.36000061,2529900,0,0,0.95%
595,2020-06-04,22.37999916,23.04999924,21.94000053,22.39999962,1954300,0,0,0.09%
596,2020-06-05,22.79999924,22.82999992,22,22.19000053,2015200,0,0,-2.68%
597,2020-06-08,22.35000038,24.28000069,22.25,23.94000053,3241600,0,0,7.11%
598,2020-06-09,23.64999962,24.59000015,22.96999931,23.70999908,2146400,0,0,0.25%
599,2020-06-10,24.19000053,24.53000069,23.59000015,23.71999931,1635400,0,0,-1.94%
600,2020-06-11,22.85000038,22.94000053,21.53000069,21.62999916,1926200,0,0,-5.34%
601,2020-06-12,22.53000069,22.73999977,22.10000038,22.44000053,1635100,0,0,-0.40%
602,2020-06-15,21.84000015,22.76000023,21.75,22.67000008,1450400,0,0,3.80%
603,2020-06-16,23.43000031,24.14999962,22.94000053,24.12000084,2277700,0,0,2.94%
604,2020-06-17,24.12000084,24.31999969,22.73999977,22.90999985,1752200,0,0,-5.02%
605,2020-06-18,22.77000046,24,22.65999985,23.32999992,1382500,0,0,2.46%
606,2020-06-19,24.55999947,24.55999947,23.22999954,23.63999939,4461500,0,0,-3.75%
607,2020-06-22,23.45000076,23.94000053,23.25,23.47999954,791800,0,0,0.13%
608,2020-06-23,23.69000053,25.18000031,23.27000046,23.29999924,3333500,0,0,-1.65%
609,2020-06-24,23.14999962,23.5,22.42000008,22.77000046,1440600,0,0,-1.64%
610,2020-06-25,22.5,22.79000092,22.20999908,22.62000084,1013000,0,0,0.53%
611,2020-06-26,22.54999924,22.62000084,21.70000076,21.81999969,1146100,0,0,-3.24%
612,2020-06-29,21.61000061,22.42000008,20.97999954,22.35000038,1070000,0,0,3.42%
613,2020-06-30,22.23999977,22.30999947,21.80999947,21.98999977,854000,0,0,-1.12%
614,2020-07-02,22.48999977,22.80999947,22.18000031,22.32999992,839900,0,0,-0.71%
615,2020-07-03,22.22999954,22.53000069,21.89999962,22.07999992,355200,0,0,-0.67%
616,2020-07-06,22.22999954,23.13999939,21.94000053,22.95000076,1290400,0,0,3.24%
617,2020-07-07,22.75,22.97999954,22.39999962,22.42000008,789100,0,0,-1.45%
618,2020-07-08,22.45999908,22.59000015,21.88999939,22.05999947,658400,0,0,-1.78%
619,2020-07-09,21.85000038,22.13999939,21.15999985,21.78000069,880100,0,0,-0.32%
620,2020-07-10,21.80999947,23.71999931,21.68000031,23.65999985,1544400,0,0,8.48%
621,2020-07-13,23.54000092,24.95999908,23.09000015,23.63999939,1787200,0,0,0.42%
622,2020-07-14,23.35000038,23.97999954,23.04000092,23.65999985,1184700,0,0,1.33%
623,2020-07-15,23.75,24.80999947,23.75,24.47999954,1507400,0,0,3.07%
624,2020-07-16,24.35000038,25.29000092,23.85000038,24.62000084,1698300,0,0,1.11%
625,2020-07-17,24.62999916,25.12999916,24.23999977,24.37000084,1354100,0,0,-1.06%
626,2020-07-20,24.19000053,24.60000038,23.79000092,23.96999931,893900,0,0,-0.91%
627,2020-07-21,24.01000023,24.35000038,23.71999931,23.75,961300,0,0,-1.08%
628,2020-07-22,23.82999992,23.86000061,23.10000038,23.19000053,747500,0,0,-2.69%
629,2020-07-23,23.13999939,23.19000053,22.26000023,22.36000061,1073400,0,0,-3.37%
630,2020-07-24,22.11000061,22.26000023,21.75,22.12000084,944100,0,0,0.05%
631,2020-07-27,22.19000053,23.12999916,22.15999985,22.68000031,944700,0,0,2.21%
632,2020-07-28,23.04000092,26.12999916,22.90999985,26.03000069,4189700,0,0,12.98%
633,2020-07-29,25.75,25.78000069,24.55999947,24.67000008,1942500,0,0,-4.19%
634,2020-07-30,24.40999985,25.35000038,24.34000015,25.01000023,1258100,0,0,2.46%
635,2020-07-31,24.88999939,25.88999939,24.25,24.45999908,1518100,0,0,-1.73%
636,2020-08-04,25.36000061,26.35000038,25.09000015,25.70000076,1981600,0,0,1.34%
637,2020-08-05,25.75,25.79999924,25.04999924,25.48999977,1461300,0,0,-1.01%
638,2020-08-06,25.27000046,25.39999962,23.22999954,23.30999947,2160900,0,0,-7.76%
639,2020-08-07,23.62999916,23.70000076,22.20000076,22.28000069,1980100,0,0,-5.71%
640,2020-08-10,24.45000076,25.10000038,23.70999908,23.93000031,3172900,0,0,-2.13%
641,2020-08-11,24.04000092,24.10000038,22.5,22.55999947,1735500,0,0,-6.16%
642,2020-08-12,22.94000053,23.20000076,22.45000076,22.89999962,1247600,0,0,-0.17%
643,2020-08-13,22.90999985,23.26000023,22.70999908,22.88999939,1109000,0,0,-0.09%
644,2020-08-14,22.84000015,23.05999947,22.59000015,22.81999969,838100,0,0,-0.09%
645,2020-08-17,22.81999969,22.92000008,22.14999962,22.37999916,1297800,0,0,-1.93%
646,2020-08-18,22.32999992,22.54000092,21.89999962,22.29999924,1225200,0,0,-0.13%
647,2020-08-19,22.25,22.45999908,21.96999931,21.96999931,914300,0,0,-1.26%
648,2020-08-20,21.94000053,21.95000076,21.20999908,21.48999977,1231300,0,0,-2.05%
649,2020-08-21,21.38999939,21.60000038,21.09000015,21.14999962,853900,0,0,-1.12%
650,2020-08-24,21.14999962,21.80999947,21.03000069,21.72999954,811200,0,0,2.74%
651,2020-08-25,21.70999908,22.12999916,21.55999947,22.10000038,1119500,0,0,1.80%
652,2020-08-26,22.04999924,22.20999908,21.52000046,21.70999908,1212500,0,0,-1.54%
653,2020-08-27,21.69000053,21.87000084,21.43000031,21.64999962,996700,0,0,-0.18%
654,2020-08-28,21.59000015,22.42000008,21.54999924,22.12000084,1210800,0,0,2.45%
655,2020-08-31,22.12999916,22.14999962,21.15999985,21.51000023,1905900,0,0,-2.80%
656,2020-09-01,21.32999992,21.65999985,21.13999939,21.45999908,1057300,0,0,0.61%
657,2020-09-02,21.39999962,21.62999916,21.06999969,21.35000038,1088000,0,0,-0.23%
658,2020-09-03,21.31999969,22.07999992,21.02000046,21.55999947,1380500,0,0,1.13%
659,2020-09-04,21.30999947,21.71999931,20.43000031,21.11000061,1696700,0,0,-0.94%
660,2020-09-08,20.89999962,21.18000031,20.62000084,20.62999916,1237200,0,0,-1.29%
661,2020-09-09,20.85000038,21.69000053,20.68000031,21.47999954,1041800,0,0,3.02%
662,2020-09-10,21.54999924,22.44000053,21.45000076,21.65999985,1315200,0,0,0.51%
663,2020-09-11,21.69000053,21.79999924,21.02000046,21.34000015,808700,0,0,-1.61%
664,2020-09-14,21.32999992,21.81999969,21.12999916,21.67000008,806000,0,0,1.59%
665,2020-09-15,21.87000084,22.23999977,21.62999916,21.70000076,871400,0,0,-0.78%
666,2020-09-16,21.70000076,22.39999962,21.65999985,21.70000076,1370500,0,0,0.00%
667,2020-09-17,21.5,21.75,21.31999969,21.57999992,685600,0,0,0.37%
668,2020-09-18,21.59000015,21.80999947,21.37999916,21.56999969,1717000,0,0,-0.09%
669,2020-09-21,21.14999962,21.31999969,20.55999947,20.88999939,1018100,0,0,-1.23%
670,2020-09-22,20.81999969,21.42000008,20.62999916,21.26000023,1218200,0,0,2.11%
671,2020-09-23,21.19000053,21.34000015,19.12000084,19.43000031,3193300,0,0,-8.31%
672,2020-09-24,19.25,19.47999954,18.65999985,19.01000023,1305700,0,0,-1.25%
673,2020-09-25,18.86000061,19.18000031,18.62000084,18.94000053,1174800,0,0,0.42%
674,2020-09-28,18.86000061,19.34000015,18.70000076,18.95999908,1438700,0,0,0.53%
675,2020-09-29,19.01000023,19.80999947,18.92000008,19.37999916,1099800,0,0,1.95%
676,2020-09-30,19.37999916,19.80999947,19.01000023,19.09000015,960000,0,0,-1.50%
677,2020-10-01,19.37999916,19.37999916,18.68000031,18.82999992,946300,0,0,-2.84%
678,2020-10-02,18.5,18.87999916,18.44000053,18.69000053,786100,0,0,1.03%
679,2020-10-05,18.69000053,19.93000031,18.69000053,19.81999969,1307400,0,0,6.05%
680,2020-10-06,19.95000076,20.07999992,18.96999931,19.06999969,1062600,0,0,-4.41%
681,2020-10-07,19.32999992,20.82999992,19.32999992,20.56999969,1685800,0,0,6.41%
682,2020-10-08,21.10000038,23.36000061,21.02000046,23.23999977,3531400,0,0,10.14%
683,2020-10-09,23.77000046,24.54999924,23.04000092,23.65999985,2438900,0,0,-0.46%
684,2020-10-13,25,25,23.76000023,24.54999924,2552800,0,0,-1.80%
685,2020-10-14,24.54999924,24.96999931,23.93000031,24.09000015,1265500,0,0,-1.87%
686,2020-10-15,23.5,23.97999954,23.11000061,23.89999962,1152800,0,0,1.70%
687,2020-10-16,24,24.09000015,23.38999939,23.46999931,777500,0,0,-2.21%
688,2020-10-19,23.52000046,26.18000031,23.23999977,26.10000038,3133400,0,0,10.97%
689,2020-10-20,25.70000076,25.87999916,24.44000053,24.77000046,2011600,0,0,-3.62%
690,2020-10-21,25.25,26.67000008,25.12000084,25.60000038,2416400,0,0,1.39%
691,2020-10-22,25.79999924,26.84000015,25.42000008,26.62000084,2398000,0,0,3.18%
692,2020-10-23,26.69000053,26.77000046,25.70000076,25.94000053,1699200,0,0,-2.81%
693,2020-10-26,25.72999954,25.95999908,24.37999916,24.47999954,1552200,0,0,-4.86%
694,2020-10-27,24.57999992,25.40999985,24.5,24.60000038,1087200,0,0,0.08%
695,2020-10-28,24.15999985,25.26000023,24.04000092,24.44000053,1245100,0,0,1.16%
696,2020-10-29,24.51000023,25.26000023,24.27000046,25.01000023,1032000,0,0,2.04%
697,2020-10-30,24.63999939,25.05999947,24.23999977,25.03000069,1047000,0,0,1.58%
698,2020-11-02,25.30999947,28.65999985,25.28000069,27.72999954,3111300,0,0,9.56%
699,2020-11-03,27.75,27.75,25.67000008,26.90999985,3084100,0,0,-3.03%
700,2020-11-04,25.25,25.65999985,24.20000076,24.95000076,3223000,0,0,-1.19%
701,2020-11-05,26.60000038,28.23999977,25.60000038,27.68000031,4023300,0,0,4.06%
702,2020-11-06,28.75,32.54999924,28.57999992,30.59000015,6320600,0,0,6.40%
703,2020-11-09,34.75,34.79999924,31.35000038,31.95000076,4274100,0,0,-8.06%
704,2020-11-10,30.75,31.95000076,29.36000061,30.88999939,2874000,0,0,0.46%
705,2020-11-11,30.39999962,32.25,29.96999931,31.61000061,2142900,0,0,3.98%
706,2020-11-12,31.61000061,32.38999939,30.87999916,31.20000076,1988700,0,0,-1.30%
707,2020-11-13,31.47999954,32.33000183,30.94000053,32.06000137,2103300,0,0,1.84%
708,2020-11-16,32,33,31.57999992,32.40999985,2420100,0,0,1.28%
709,2020-11-17,32.15000153,33.20999908,31.88999939,32.09000015,2247500,0,0,-0.19%
710,2020-11-18,32.38999939,32.86000061,30.96999931,31,2164900,0,0,-4.29%
711,2020-11-19,30.90999985,31.59000015,30.73999977,31.20999908,1665300,0,0,0.97%
712,2020-11-20,30.88999939,31.60000038,30.75,31.01000023,1325200,0,0,0.39%
713,2020-11-23,31.20999908,32.79999924,30.97999954,32.29999924,2219500,0,0,3.49%
714,2020-11-24,33.86999893,36.13999939,33.54999924,34.99000168,3941800,0,0,3.31%
715,2020-11-25,34.18999863,35.43000031,33.70999908,34.86999893,1761500,0,0,1.99%
716,2020-11-26,34.97999954,35.63000107,34.81999969,34.93000031,737200,0,0,-0.14%
717,2020-11-27,34.93999863,38.02999878,34.93000031,37.5,2771600,0,0,7.33%
718,2020-11-30,37.61000061,38.22000122,35.81000137,37.31999969,3612300,0,0,-0.77%
719,2020-12-01,37.75,37.84000015,34.40000153,34.52000046,2187700,0,0,-8.56%
720,2020-12-02,34.61999893,36.93000031,34.56999969,36.38999939,1805500,0,0,5.11%
721,2020-12-03,36.43999863,37.56000137,35.68000031,36.81999969,1372300,0,0,1.04%
722,2020-12-04,37.40999985,37.84999847,35.77000046,36.45999908,1731400,0,0,-2.54%
723,2020-12-07,36.45000076,36.99000168,35.45000076,36.34000015,937500,0,0,-0.30%
724,2020-12-08,35.77999878,36.97000122,35.75,36.88999939,1070900,0,0,3.10%
725,2020-12-09,36.88999939,37.15000153,34.31000137,34.90999985,1473500,0,0,-5.37%
726,2020-12-10,34.09000015,35.15000153,33.99000168,34.83000183,742700,0,0,2.17%
727,2020-12-11,34.50999832,34.86000061,33.68999863,33.84000015,952500,0,0,-1.94%
728,2020-12-14,33.61000061,34.29000092,32.25999832,32.31000137,1345800,0,0,-3.87%
729,2020-12-15,32,33.97999954,31.88999939,33.93000031,1163600,0,0,6.03%
730,2020-12-16,34.50999832,34.52999878,33.25,33.58000183,1301400,0,0,-2.69%
731,2020-12-17,33.54999924,33.95000076,33.04999924,33.34000015,627500,0,0,-0.63%
732,2020-12-18,33.25,33.81999969,32.97000122,33.27999878,1530400,0,0,0.09%
733,2020-12-21,32.15000153,33.13000107,32.15000153,32.83000183,554600,0,0,2.12%
734,2020-12-22,32.91999817,33.75,32.56999969,33.38999939,668900,0,0,1.43%
735,2020-12-23,33.22000122,36,32.81999969,34.72000122,1078600,0,0,4.52%
736,2020-12-24,34.68000031,34.75,33.04999924,33.06999969,551200,0,0,-4.64%
737,2020-12-29,32.15999985,32.56000137,31.02000046,31.12000084,1008000,0,0,-3.23%
738,2020-12-30,31.04999924,32.77999878,30.79999924,32.20999908,650800,0,0,3.74%
739,2020-12-31,32,32.13999939,31.29999924,31.31999969,676900,0,0,-2.13%
740,2021-01-04,31.60000038,34.52000046,31.60000038,33.40999985,1374000,0,0,5.73%
741,2021-01-05,33.72000122,34.90000153,32.95000076,34.22000122,1105200,0,0,1.48%
742,2021-01-06,38,40.45000076,37.31000137,38.13999939,3821900,0,0,0.37%
743,2021-01-07,39.93999863,41.06999969,38.56999969,38.77000046,2413100,0,0,-2.93%
744,2021-01-08,38.90999985,39.18000031,37.27000046,38.40000153,1409700,0,0,-1.31%
745,2021-01-11,37.88000107,41.38000107,37.88000107,40.13999939,2405800,0,0,5.97%
746,2021-01-12,40.43000031,40.81999969,38.84999847,39.29999924,1403300,0,0,-2.79%
747,2021-01-13,39.43000031,41.97999954,39.34999847,40.79999924,2189400,0,0,3.47%
748,2021-01-14,41.27000046,43.81999969,41.27000046,43.70999908,2590000,0,0,5.91%
749,2021-01-15,43.93999863,44.59999847,41.90000153,42.49000168,1984300,0,0,-3.30%
750,2021-01-18,42.09999847,43.16999817,42.09999847,42.79999924,558300,0,0,1.66%
751,2021-01-19,42.70999908,43.29999924,41.27999878,42.72999954,1032500,0,0,0.05%
752,2021-01-20,43,43.66999817,41.97000122,42.5,889800,0,0,-1.16%
753,2021-01-21,42.20000076,42.97999954,41.56000137,42.33000183,1016700,0,0,0.31%
754,2021-01-22,41.91999817,43.11000061,41.91999817,42.97000122,883500,0,0,2.50%
